/*
 Navicat Premium Data Transfer

 Source Server         : docker-mysql
 Source Server Type    : MySQL
 Source Server Version : 50729
 Source Host           : localhost:3306
 Source Schema         : larabbs

 Target Server Type    : MySQL
 Target Server Version : 50729
 File Encoding         : 65001

 Date: 11/06/2020 11:00:36
*/

SET NAMES utf8mb4;
SET FOREIGN_KEY_CHECKS = 0;

-- ----------------------------
-- Table structure for categories
-- ----------------------------
DROP TABLE IF EXISTS `categories`;
CREATE TABLE `categories`  (
  `id` int(10) UNSIGNED NOT NULL AUTO_INCREMENT,
  `name` varchar(255) CHARACTER SET utf8mb4 COLLATE utf8mb4_unicode_ci NOT NULL COMMENT '名称',
  `description` text CHARACTER SET utf8mb4 COLLATE utf8mb4_unicode_ci NULL COMMENT '描述',
  `post_count` int(11) NOT NULL DEFAULT 0 COMMENT '帖子数',
  PRIMARY KEY (`id`) USING BTREE,
  INDEX `categories_name_index`(`name`) USING BTREE
) ENGINE = InnoDB AUTO_INCREMENT = 5 CHARACTER SET = utf8mb4 COLLATE = utf8mb4_unicode_ci ROW_FORMAT = Dynamic;

-- ----------------------------
-- Records of categories
-- ----------------------------
INSERT INTO `categories` VALUES (1, '分享', '分享创造，分享发现', 0);
INSERT INTO `categories` VALUES (2, '教程', '开发技巧、推荐扩展包等', 0);
INSERT INTO `categories` VALUES (3, '问答', '请保持友善，互帮互助', 0);
INSERT INTO `categories` VALUES (4, '公告', '站点公告', 0);

-- ----------------------------
-- Table structure for failed_jobs
-- ----------------------------
DROP TABLE IF EXISTS `failed_jobs`;
CREATE TABLE `failed_jobs`  (
  `id` bigint(20) UNSIGNED NOT NULL AUTO_INCREMENT,
  `connection` text CHARACTER SET utf8mb4 COLLATE utf8mb4_unicode_ci NOT NULL,
  `queue` text CHARACTER SET utf8mb4 COLLATE utf8mb4_unicode_ci NOT NULL,
  `payload` longtext CHARACTER SET utf8mb4 COLLATE utf8mb4_unicode_ci NOT NULL,
  `exception` longtext CHARACTER SET utf8mb4 COLLATE utf8mb4_unicode_ci NOT NULL,
  `failed_at` timestamp(0) NOT NULL DEFAULT CURRENT_TIMESTAMP(0),
  PRIMARY KEY (`id`) USING BTREE
) ENGINE = InnoDB AUTO_INCREMENT = 1 CHARACTER SET = utf8mb4 COLLATE = utf8mb4_unicode_ci ROW_FORMAT = Dynamic;

-- ----------------------------
-- Records of failed_jobs
-- ----------------------------

-- ----------------------------
-- Table structure for images
-- ----------------------------
DROP TABLE IF EXISTS `images`;
CREATE TABLE `images`  (
  `id` bigint(20) UNSIGNED NOT NULL AUTO_INCREMENT,
  `user_id` int(11) NOT NULL,
  `type` varchar(255) CHARACTER SET utf8mb4 COLLATE utf8mb4_unicode_ci NOT NULL,
  `path` varchar(255) CHARACTER SET utf8mb4 COLLATE utf8mb4_unicode_ci NOT NULL,
  `created_at` timestamp(0) NULL DEFAULT NULL,
  `updated_at` timestamp(0) NULL DEFAULT NULL,
  PRIMARY KEY (`id`) USING BTREE,
  INDEX `images_user_id_index`(`user_id`) USING BTREE,
  INDEX `images_type_index`(`type`) USING BTREE
) ENGINE = InnoDB AUTO_INCREMENT = 2 CHARACTER SET = utf8mb4 COLLATE = utf8mb4_unicode_ci ROW_FORMAT = Dynamic;

-- ----------------------------
-- Records of images
-- ----------------------------
INSERT INTO `images` VALUES (1, 1, 'avatar', 'http://larabbs.test/uploads/images/avatars/202005/27/1_1590570434_8trljSPywI.jpg', '2020-05-27 17:07:15', '2020-05-27 17:07:15');

-- ----------------------------
-- Table structure for links
-- ----------------------------
DROP TABLE IF EXISTS `links`;
CREATE TABLE `links`  (
  `id` int(10) UNSIGNED NOT NULL AUTO_INCREMENT,
  `title` varchar(255) CHARACTER SET utf8mb4 COLLATE utf8mb4_unicode_ci NOT NULL COMMENT '资源的描述',
  `link` varchar(255) CHARACTER SET utf8mb4 COLLATE utf8mb4_unicode_ci NOT NULL COMMENT '资源的链接',
  `created_at` timestamp(0) NULL DEFAULT NULL,
  `updated_at` timestamp(0) NULL DEFAULT NULL,
  PRIMARY KEY (`id`) USING BTREE,
  INDEX `links_title_index`(`title`) USING BTREE,
  INDEX `links_link_index`(`link`) USING BTREE
) ENGINE = InnoDB AUTO_INCREMENT = 7 CHARACTER SET = utf8mb4 COLLATE = utf8mb4_unicode_ci ROW_FORMAT = Dynamic;

-- ----------------------------
-- Records of links
-- ----------------------------
INSERT INTO `links` VALUES (1, 'Morris Hahn', 'https://www.thiel.com/ipsa-voluptas-perferendis-nostrum-ut', NULL, NULL);
INSERT INTO `links` VALUES (2, 'Prof. Dell Cartwright V', 'http://www.schmeler.biz/vero-repellendus-dolorem-voluptatem-est', NULL, NULL);
INSERT INTO `links` VALUES (3, 'Ignatius Leffler', 'http://www.ebert.com/', NULL, NULL);
INSERT INTO `links` VALUES (4, 'Dr. Maria Simonis DDS', 'https://rempel.com/blanditiis-nihil-enim-dolores-eos.html', NULL, NULL);
INSERT INTO `links` VALUES (5, 'Prof. Berta Bruen II', 'http://runte.org/', NULL, NULL);
INSERT INTO `links` VALUES (6, 'Dennis Fisher II', 'http://marks.info/ad-blanditiis-veniam-qui-soluta-dolore', NULL, NULL);

-- ----------------------------
-- Table structure for migrations
-- ----------------------------
DROP TABLE IF EXISTS `migrations`;
CREATE TABLE `migrations`  (
  `id` int(10) UNSIGNED NOT NULL AUTO_INCREMENT,
  `migration` varchar(255) CHARACTER SET utf8mb4 COLLATE utf8mb4_unicode_ci NOT NULL,
  `batch` int(11) NOT NULL,
  PRIMARY KEY (`id`) USING BTREE
) ENGINE = InnoDB AUTO_INCREMENT = 19 CHARACTER SET = utf8mb4 COLLATE = utf8mb4_unicode_ci ROW_FORMAT = Dynamic;

-- ----------------------------
-- Records of migrations
-- ----------------------------
INSERT INTO `migrations` VALUES (1, '2014_10_12_000000_create_users_table', 1);
INSERT INTO `migrations` VALUES (2, '2014_10_12_100000_create_password_resets_table', 1);
INSERT INTO `migrations` VALUES (3, '2019_08_19_000000_create_failed_jobs_table', 1);
INSERT INTO `migrations` VALUES (4, '2019_09_19_185528_add_avatar_and_introduction_to_users_table', 1);
INSERT INTO `migrations` VALUES (5, '2019_09_19_191731_create_categories_table', 1);
INSERT INTO `migrations` VALUES (6, '2019_09_19_192022_seed_categories_data', 1);
INSERT INTO `migrations` VALUES (7, '2019_09_20_065528_create_topics_table', 1);
INSERT INTO `migrations` VALUES (8, '2019_09_20_093630_create_replies_table', 1);
INSERT INTO `migrations` VALUES (9, '2019_09_20_095702_create_notifications_table', 1);
INSERT INTO `migrations` VALUES (10, '2019_09_20_095955_add_notification_count_to_users_table', 1);
INSERT INTO `migrations` VALUES (11, '2019_09_20_101931_create_permission_tables', 1);
INSERT INTO `migrations` VALUES (12, '2019_09_20_102258_seed_roles_and_permissions_data', 1);
INSERT INTO `migrations` VALUES (13, '2019_09_20_121925_create_links_table', 1);
INSERT INTO `migrations` VALUES (14, '2019_09_20_122431_add_references', 1);
INSERT INTO `migrations` VALUES (15, '2019_09_20_123036_add_last_actived_at_to_users_table', 1);
INSERT INTO `migrations` VALUES (16, '2020_05_22_144510_add_phone_to_users_table', 2);
INSERT INTO `migrations` VALUES (17, '2020_05_22_165509_add_weixin_openid_to_users_table', 3);
INSERT INTO `migrations` VALUES (18, '2020_05_27_165959_create_images_table', 4);

-- ----------------------------
-- Table structure for model_has_permissions
-- ----------------------------
DROP TABLE IF EXISTS `model_has_permissions`;
CREATE TABLE `model_has_permissions`  (
  `permission_id` int(10) UNSIGNED NOT NULL,
  `model_type` varchar(255) CHARACTER SET utf8mb4 COLLATE utf8mb4_unicode_ci NOT NULL,
  `model_id` bigint(20) UNSIGNED NOT NULL,
  PRIMARY KEY (`permission_id`, `model_id`, `model_type`) USING BTREE,
  INDEX `model_has_permissions_model_id_model_type_index`(`model_id`, `model_type`) USING BTREE,
  CONSTRAINT `model_has_permissions_permission_id_foreign` FOREIGN KEY (`permission_id`) REFERENCES `permissions` (`id`) ON DELETE CASCADE ON UPDATE RESTRICT
) ENGINE = InnoDB CHARACTER SET = utf8mb4 COLLATE = utf8mb4_unicode_ci ROW_FORMAT = Dynamic;

-- ----------------------------
-- Records of model_has_permissions
-- ----------------------------

-- ----------------------------
-- Table structure for model_has_roles
-- ----------------------------
DROP TABLE IF EXISTS `model_has_roles`;
CREATE TABLE `model_has_roles`  (
  `role_id` int(10) UNSIGNED NOT NULL,
  `model_type` varchar(255) CHARACTER SET utf8mb4 COLLATE utf8mb4_unicode_ci NOT NULL,
  `model_id` bigint(20) UNSIGNED NOT NULL,
  PRIMARY KEY (`role_id`, `model_id`, `model_type`) USING BTREE,
  INDEX `model_has_roles_model_id_model_type_index`(`model_id`, `model_type`) USING BTREE,
  CONSTRAINT `model_has_roles_role_id_foreign` FOREIGN KEY (`role_id`) REFERENCES `roles` (`id`) ON DELETE CASCADE ON UPDATE RESTRICT
) ENGINE = InnoDB CHARACTER SET = utf8mb4 COLLATE = utf8mb4_unicode_ci ROW_FORMAT = Dynamic;

-- ----------------------------
-- Records of model_has_roles
-- ----------------------------
INSERT INTO `model_has_roles` VALUES (1, 'App\\Models\\User', 1);
INSERT INTO `model_has_roles` VALUES (2, 'App\\Models\\User', 2);

-- ----------------------------
-- Table structure for notifications
-- ----------------------------
DROP TABLE IF EXISTS `notifications`;
CREATE TABLE `notifications`  (
  `id` char(36) CHARACTER SET utf8mb4 COLLATE utf8mb4_unicode_ci NOT NULL,
  `type` varchar(255) CHARACTER SET utf8mb4 COLLATE utf8mb4_unicode_ci NOT NULL,
  `notifiable_type` varchar(255) CHARACTER SET utf8mb4 COLLATE utf8mb4_unicode_ci NOT NULL,
  `notifiable_id` bigint(20) UNSIGNED NOT NULL,
  `data` text CHARACTER SET utf8mb4 COLLATE utf8mb4_unicode_ci NOT NULL,
  `read_at` timestamp(0) NULL DEFAULT NULL,
  `created_at` timestamp(0) NULL DEFAULT NULL,
  `updated_at` timestamp(0) NULL DEFAULT NULL,
  PRIMARY KEY (`id`) USING BTREE,
  INDEX `notifications_notifiable_type_notifiable_id_index`(`notifiable_type`, `notifiable_id`) USING BTREE
) ENGINE = InnoDB CHARACTER SET = utf8mb4 COLLATE = utf8mb4_unicode_ci ROW_FORMAT = Dynamic;

-- ----------------------------
-- Records of notifications
-- ----------------------------

-- ----------------------------
-- Table structure for password_resets
-- ----------------------------
DROP TABLE IF EXISTS `password_resets`;
CREATE TABLE `password_resets`  (
  `email` varchar(255) CHARACTER SET utf8mb4 COLLATE utf8mb4_unicode_ci NOT NULL,
  `token` varchar(255) CHARACTER SET utf8mb4 COLLATE utf8mb4_unicode_ci NOT NULL,
  `created_at` timestamp(0) NULL DEFAULT NULL,
  INDEX `password_resets_email_index`(`email`) USING BTREE
) ENGINE = InnoDB CHARACTER SET = utf8mb4 COLLATE = utf8mb4_unicode_ci ROW_FORMAT = Dynamic;

-- ----------------------------
-- Records of password_resets
-- ----------------------------

-- ----------------------------
-- Table structure for permissions
-- ----------------------------
DROP TABLE IF EXISTS `permissions`;
CREATE TABLE `permissions`  (
  `id` int(10) UNSIGNED NOT NULL AUTO_INCREMENT,
  `name` varchar(255) CHARACTER SET utf8mb4 COLLATE utf8mb4_unicode_ci NOT NULL,
  `guard_name` varchar(255) CHARACTER SET utf8mb4 COLLATE utf8mb4_unicode_ci NOT NULL,
  `created_at` timestamp(0) NULL DEFAULT NULL,
  `updated_at` timestamp(0) NULL DEFAULT NULL,
  PRIMARY KEY (`id`) USING BTREE
) ENGINE = InnoDB AUTO_INCREMENT = 4 CHARACTER SET = utf8mb4 COLLATE = utf8mb4_unicode_ci ROW_FORMAT = Dynamic;

-- ----------------------------
-- Records of permissions
-- ----------------------------
INSERT INTO `permissions` VALUES (1, 'manage_contents', 'web', '2020-05-22 14:31:14', '2020-05-22 14:31:14');
INSERT INTO `permissions` VALUES (2, 'manage_users', 'web', '2020-05-22 14:31:14', '2020-05-22 14:31:14');
INSERT INTO `permissions` VALUES (3, 'edit_settings', 'web', '2020-05-22 14:31:14', '2020-05-22 14:31:14');

-- ----------------------------
-- Table structure for replies
-- ----------------------------
DROP TABLE IF EXISTS `replies`;
CREATE TABLE `replies`  (
  `id` int(10) UNSIGNED NOT NULL AUTO_INCREMENT,
  `topic_id` int(10) UNSIGNED NOT NULL DEFAULT 0,
  `user_id` bigint(20) UNSIGNED NOT NULL DEFAULT 0,
  `content` text CHARACTER SET utf8mb4 COLLATE utf8mb4_unicode_ci NOT NULL,
  `created_at` timestamp(0) NULL DEFAULT NULL,
  `updated_at` timestamp(0) NULL DEFAULT NULL,
  PRIMARY KEY (`id`) USING BTREE,
  INDEX `replies_topic_id_index`(`topic_id`) USING BTREE,
  INDEX `replies_user_id_index`(`user_id`) USING BTREE,
  CONSTRAINT `replies_topic_id_foreign` FOREIGN KEY (`topic_id`) REFERENCES `topics` (`id`) ON DELETE CASCADE ON UPDATE RESTRICT,
  CONSTRAINT `replies_user_id_foreign` FOREIGN KEY (`user_id`) REFERENCES `users` (`id`) ON DELETE CASCADE ON UPDATE RESTRICT
) ENGINE = InnoDB AUTO_INCREMENT = 1001 CHARACTER SET = utf8mb4 COLLATE = utf8mb4_unicode_ci ROW_FORMAT = Dynamic;

-- ----------------------------
-- Records of replies
-- ----------------------------
INSERT INTO `replies` VALUES (1, 65, 8, 'Voluptas nam distinctio totam expedita porro reiciendis.', '2020-05-17 12:24:03', '2020-05-17 12:24:03');
INSERT INTO `replies` VALUES (2, 71, 5, 'Sint ut adipisci rerum voluptatem.', '2020-05-04 06:47:59', '2020-05-04 06:47:59');
INSERT INTO `replies` VALUES (3, 49, 6, 'Consequatur qui quasi aliquid et labore magni.', '2020-05-06 06:57:58', '2020-05-06 06:57:58');
INSERT INTO `replies` VALUES (4, 10, 1, 'Dolores quia ratione veniam assumenda asperiores voluptas architecto.', '2020-05-13 13:02:23', '2020-05-13 13:02:23');
INSERT INTO `replies` VALUES (5, 41, 4, 'Aut et repellendus dicta tenetur et.', '2020-05-07 06:22:41', '2020-05-07 06:22:41');
INSERT INTO `replies` VALUES (6, 74, 10, 'Quam velit excepturi inventore autem eos itaque reiciendis.', '2020-05-05 02:47:14', '2020-05-05 02:47:14');
INSERT INTO `replies` VALUES (7, 50, 8, 'Aut quisquam recusandae dolores autem earum quia.', '2020-05-02 09:42:11', '2020-05-02 09:42:11');
INSERT INTO `replies` VALUES (8, 12, 7, 'Veritatis itaque dolorum aperiam qui.', '2020-05-16 03:11:04', '2020-05-16 03:11:04');
INSERT INTO `replies` VALUES (9, 80, 1, 'Ad expedita molestiae nihil.', '2020-05-12 18:41:18', '2020-05-12 18:41:18');
INSERT INTO `replies` VALUES (10, 7, 4, 'Labore rerum minima omnis eum.', '2020-05-04 12:33:57', '2020-05-04 12:33:57');
INSERT INTO `replies` VALUES (11, 34, 3, 'Aut veniam velit animi ab.', '2020-04-22 19:11:28', '2020-04-22 19:11:28');
INSERT INTO `replies` VALUES (12, 42, 6, 'Voluptas et quo sit distinctio non accusamus.', '2020-04-26 18:35:50', '2020-04-26 18:35:50');
INSERT INTO `replies` VALUES (13, 18, 8, 'Ut veniam ducimus magni optio nostrum eum.', '2020-05-14 23:20:45', '2020-05-14 23:20:45');
INSERT INTO `replies` VALUES (14, 37, 10, 'Necessitatibus accusantium consequatur repellendus nemo minus recusandae deleniti.', '2020-05-13 23:58:46', '2020-05-13 23:58:46');
INSERT INTO `replies` VALUES (15, 28, 8, 'Et maiores sint repudiandae officiis assumenda.', '2020-04-30 07:51:22', '2020-04-30 07:51:22');
INSERT INTO `replies` VALUES (16, 14, 9, 'Fugiat ea ipsum porro aut illum officia.', '2020-05-17 16:32:32', '2020-05-17 16:32:32');
INSERT INTO `replies` VALUES (17, 38, 3, 'Animi earum consequatur omnis rerum ex vitae.', '2020-05-21 06:15:11', '2020-05-21 06:15:11');
INSERT INTO `replies` VALUES (18, 8, 9, 'Molestiae aliquam perferendis recusandae rerum saepe.', '2020-05-04 10:58:12', '2020-05-04 10:58:12');
INSERT INTO `replies` VALUES (19, 72, 8, 'Sapiente repellendus delectus tempora ducimus.', '2020-05-14 10:46:55', '2020-05-14 10:46:55');
INSERT INTO `replies` VALUES (20, 36, 6, 'Expedita dignissimos et consequatur.', '2020-04-25 09:44:46', '2020-04-25 09:44:46');
INSERT INTO `replies` VALUES (21, 67, 8, 'Aut perspiciatis laborum officiis vitae quibusdam perferendis.', '2020-05-21 22:48:43', '2020-05-21 22:48:43');
INSERT INTO `replies` VALUES (22, 43, 4, 'Reiciendis culpa ea sit consequatur.', '2020-05-17 07:20:31', '2020-05-17 07:20:31');
INSERT INTO `replies` VALUES (23, 47, 6, 'Natus blanditiis dolore consequuntur eligendi necessitatibus.', '2020-05-07 13:00:29', '2020-05-07 13:00:29');
INSERT INTO `replies` VALUES (24, 61, 1, 'Laudantium rem dolor id expedita exercitationem.', '2020-05-17 18:27:27', '2020-05-17 18:27:27');
INSERT INTO `replies` VALUES (25, 100, 6, 'Aut laudantium aliquid vitae assumenda voluptates.', '2020-05-12 05:08:18', '2020-05-12 05:08:18');
INSERT INTO `replies` VALUES (26, 29, 9, 'Inventore eaque consequatur ratione ipsam.', '2020-04-29 06:21:58', '2020-04-29 06:21:58');
INSERT INTO `replies` VALUES (27, 66, 8, 'Sunt vel occaecati et iste molestias et et.', '2020-04-24 09:42:13', '2020-04-24 09:42:13');
INSERT INTO `replies` VALUES (28, 74, 6, 'Debitis sapiente molestias error necessitatibus nihil amet nulla.', '2020-05-11 22:57:36', '2020-05-11 22:57:36');
INSERT INTO `replies` VALUES (29, 97, 6, 'Fugit at ut aspernatur.', '2020-05-03 19:03:32', '2020-05-03 19:03:32');
INSERT INTO `replies` VALUES (30, 17, 2, 'Voluptas voluptate corrupti voluptatem vel eos voluptatibus et.', '2020-04-24 23:19:49', '2020-04-24 23:19:49');
INSERT INTO `replies` VALUES (31, 100, 9, 'Doloribus sunt qui et consequatur pariatur debitis fuga.', '2020-05-01 17:33:09', '2020-05-01 17:33:09');
INSERT INTO `replies` VALUES (32, 20, 4, 'Nobis dicta dolorum maiores excepturi quae.', '2020-04-23 07:06:06', '2020-04-23 07:06:06');
INSERT INTO `replies` VALUES (33, 66, 3, 'Natus autem sit laboriosam vitae porro.', '2020-05-03 18:23:44', '2020-05-03 18:23:44');
INSERT INTO `replies` VALUES (34, 29, 6, 'Saepe placeat quo distinctio iste alias est.', '2020-05-06 07:03:15', '2020-05-06 07:03:15');
INSERT INTO `replies` VALUES (35, 47, 2, 'Iste aliquam iure facere aliquam tenetur voluptas.', '2020-05-17 07:09:22', '2020-05-17 07:09:22');
INSERT INTO `replies` VALUES (36, 59, 5, 'Sed voluptatibus sed voluptas quod eaque cumque sapiente.', '2020-05-09 21:31:45', '2020-05-09 21:31:45');
INSERT INTO `replies` VALUES (37, 43, 2, 'Sunt doloribus autem fugit ea doloribus.', '2020-05-11 00:35:59', '2020-05-11 00:35:59');
INSERT INTO `replies` VALUES (38, 76, 10, 'Vitae numquam molestiae pariatur ea quos deleniti molestias.', '2020-05-20 08:46:24', '2020-05-20 08:46:24');
INSERT INTO `replies` VALUES (39, 14, 4, 'Iure ullam quo non sint ab impedit.', '2020-04-29 22:27:04', '2020-04-29 22:27:04');
INSERT INTO `replies` VALUES (40, 38, 8, 'Id nulla sint quae voluptas itaque.', '2020-05-20 05:51:32', '2020-05-20 05:51:32');
INSERT INTO `replies` VALUES (41, 75, 1, 'Velit magni iure modi est eligendi sunt fugit.', '2020-05-20 06:52:26', '2020-05-20 06:52:26');
INSERT INTO `replies` VALUES (42, 22, 5, 'Possimus enim quia quis sit ut velit consequuntur error.', '2020-04-29 10:30:04', '2020-04-29 10:30:04');
INSERT INTO `replies` VALUES (43, 9, 1, 'Rem eligendi dolor corrupti culpa sunt eius est.', '2020-05-10 12:45:26', '2020-05-10 12:45:26');
INSERT INTO `replies` VALUES (44, 19, 7, 'Nesciunt dolorem dolores quisquam alias totam.', '2020-05-01 05:56:32', '2020-05-01 05:56:32');
INSERT INTO `replies` VALUES (45, 66, 10, 'Natus dolores et dignissimos vel repellat voluptatibus sit.', '2020-05-09 02:29:27', '2020-05-09 02:29:27');
INSERT INTO `replies` VALUES (46, 79, 4, 'Blanditiis perspiciatis sint numquam ducimus soluta nisi blanditiis cupiditate.', '2020-05-15 03:59:51', '2020-05-15 03:59:51');
INSERT INTO `replies` VALUES (47, 45, 4, 'Sint ut exercitationem temporibus rerum illo corrupti suscipit.', '2020-05-21 20:35:48', '2020-05-21 20:35:48');
INSERT INTO `replies` VALUES (48, 27, 9, 'Omnis illum qui officiis quos.', '2020-04-23 00:39:45', '2020-04-23 00:39:45');
INSERT INTO `replies` VALUES (49, 23, 9, 'Vero rem dolorem qui.', '2020-05-21 03:51:58', '2020-05-21 03:51:58');
INSERT INTO `replies` VALUES (50, 81, 10, 'Quo incidunt voluptas iste magni molestiae quidem.', '2020-05-16 06:41:54', '2020-05-16 06:41:54');
INSERT INTO `replies` VALUES (51, 62, 6, 'Quisquam autem voluptatem atque voluptate.', '2020-05-16 13:10:47', '2020-05-16 13:10:47');
INSERT INTO `replies` VALUES (52, 64, 1, 'Eligendi eaque nisi minima minima ut laborum.', '2020-04-30 22:38:07', '2020-04-30 22:38:07');
INSERT INTO `replies` VALUES (53, 2, 7, 'Aliquid et distinctio voluptatum optio quaerat.', '2020-05-14 23:47:29', '2020-05-14 23:47:29');
INSERT INTO `replies` VALUES (54, 15, 6, 'Et enim pariatur vero id.', '2020-05-19 00:46:27', '2020-05-19 00:46:27');
INSERT INTO `replies` VALUES (55, 30, 7, 'Necessitatibus laboriosam mollitia fugiat ut laboriosam dolorem id.', '2020-05-16 00:04:24', '2020-05-16 00:04:24');
INSERT INTO `replies` VALUES (56, 50, 7, 'Pariatur aperiam accusantium quam ut placeat laudantium qui.', '2020-05-20 12:55:15', '2020-05-20 12:55:15');
INSERT INTO `replies` VALUES (57, 61, 7, 'Saepe nam doloribus neque nihil odit sed et.', '2020-05-15 20:44:49', '2020-05-15 20:44:49');
INSERT INTO `replies` VALUES (58, 100, 6, 'Similique quas autem ut hic quibusdam.', '2020-04-24 13:57:07', '2020-04-24 13:57:07');
INSERT INTO `replies` VALUES (59, 80, 5, 'Voluptates consequuntur ut tempora aut est qui.', '2020-05-08 06:45:45', '2020-05-08 06:45:45');
INSERT INTO `replies` VALUES (60, 33, 2, 'Quis at consequatur unde sed doloribus eum error.', '2020-05-04 11:16:28', '2020-05-04 11:16:28');
INSERT INTO `replies` VALUES (61, 2, 7, 'Sed facilis eaque harum et eum.', '2020-04-26 23:46:56', '2020-04-26 23:46:56');
INSERT INTO `replies` VALUES (62, 29, 3, 'Quae enim at qui exercitationem qui accusamus dolor alias.', '2020-05-02 17:53:07', '2020-05-02 17:53:07');
INSERT INTO `replies` VALUES (63, 87, 4, 'Natus in enim consequatur accusamus corporis odio.', '2020-05-03 17:33:08', '2020-05-03 17:33:08');
INSERT INTO `replies` VALUES (64, 50, 8, 'Non omnis id occaecati voluptatibus natus officia.', '2020-05-09 23:29:33', '2020-05-09 23:29:33');
INSERT INTO `replies` VALUES (65, 85, 7, 'Cum est fugit animi earum dolores.', '2020-04-28 07:58:26', '2020-04-28 07:58:26');
INSERT INTO `replies` VALUES (66, 26, 7, 'Dolor velit ullam deserunt labore.', '2020-05-18 14:55:00', '2020-05-18 14:55:00');
INSERT INTO `replies` VALUES (67, 82, 2, 'Voluptas veniam corporis placeat repellendus.', '2020-05-06 00:18:35', '2020-05-06 00:18:35');
INSERT INTO `replies` VALUES (68, 58, 1, 'Porro sit quo autem perferendis consequatur modi laborum eaque.', '2020-05-17 22:23:28', '2020-05-17 22:23:28');
INSERT INTO `replies` VALUES (69, 19, 3, 'Assumenda eius quis deserunt rerum quam quis sit.', '2020-04-28 01:47:17', '2020-04-28 01:47:17');
INSERT INTO `replies` VALUES (70, 14, 2, 'Tempora a facilis quibusdam fugiat ut et.', '2020-05-08 13:24:45', '2020-05-08 13:24:45');
INSERT INTO `replies` VALUES (71, 95, 2, 'Exercitationem a totam occaecati qui.', '2020-05-04 17:03:07', '2020-05-04 17:03:07');
INSERT INTO `replies` VALUES (72, 87, 6, 'Delectus quia magnam asperiores tenetur id voluptatem consequatur.', '2020-05-02 02:30:03', '2020-05-02 02:30:03');
INSERT INTO `replies` VALUES (73, 12, 10, 'Repudiandae nesciunt ut nesciunt temporibus ad.', '2020-04-24 20:32:08', '2020-04-24 20:32:08');
INSERT INTO `replies` VALUES (74, 73, 5, 'Molestiae quia quia at voluptates voluptate similique.', '2020-05-08 03:24:24', '2020-05-08 03:24:24');
INSERT INTO `replies` VALUES (75, 37, 10, 'Et est rerum facere aliquam placeat vel ad.', '2020-05-17 14:25:54', '2020-05-17 14:25:54');
INSERT INTO `replies` VALUES (76, 46, 2, 'Voluptatum officia perferendis omnis commodi nihil quis.', '2020-04-22 23:52:04', '2020-04-22 23:52:04');
INSERT INTO `replies` VALUES (77, 90, 7, 'Modi temporibus nobis consequatur incidunt pariatur quis ipsum.', '2020-05-10 13:45:53', '2020-05-10 13:45:53');
INSERT INTO `replies` VALUES (78, 72, 7, 'Laboriosam inventore possimus reiciendis et.', '2020-04-29 23:45:31', '2020-04-29 23:45:31');
INSERT INTO `replies` VALUES (79, 3, 9, 'Consequatur reiciendis nisi aut distinctio et omnis et.', '2020-05-05 05:46:15', '2020-05-05 05:46:15');
INSERT INTO `replies` VALUES (80, 34, 3, 'Optio fugiat dolor illum enim.', '2020-04-29 23:14:53', '2020-04-29 23:14:53');
INSERT INTO `replies` VALUES (81, 82, 2, 'Quae dolorum veniam possimus earum praesentium officia dolor beatae.', '2020-05-18 23:52:50', '2020-05-18 23:52:50');
INSERT INTO `replies` VALUES (82, 71, 4, 'Repellendus officia magni corrupti.', '2020-05-04 23:31:47', '2020-05-04 23:31:47');
INSERT INTO `replies` VALUES (83, 12, 4, 'Earum eveniet itaque voluptatibus.', '2020-05-13 03:59:40', '2020-05-13 03:59:40');
INSERT INTO `replies` VALUES (84, 39, 10, 'Exercitationem laboriosam suscipit optio voluptates rerum expedita suscipit.', '2020-04-23 08:58:16', '2020-04-23 08:58:16');
INSERT INTO `replies` VALUES (85, 76, 5, 'Sunt ducimus velit debitis dolor aliquid tempore sunt.', '2020-05-18 09:22:49', '2020-05-18 09:22:49');
INSERT INTO `replies` VALUES (86, 39, 8, 'In provident quis ullam quidem.', '2020-05-02 09:43:28', '2020-05-02 09:43:28');
INSERT INTO `replies` VALUES (87, 80, 4, 'Debitis aut incidunt facere et iusto.', '2020-05-13 13:03:29', '2020-05-13 13:03:29');
INSERT INTO `replies` VALUES (88, 45, 1, 'Dolorem est et voluptatum in maiores delectus amet amet.', '2020-05-01 13:55:31', '2020-05-01 13:55:31');
INSERT INTO `replies` VALUES (89, 20, 8, 'Laborum sint autem veniam occaecati.', '2020-05-01 18:57:49', '2020-05-01 18:57:49');
INSERT INTO `replies` VALUES (90, 67, 2, 'Libero expedita voluptate molestiae quis aliquid.', '2020-05-11 20:53:00', '2020-05-11 20:53:00');
INSERT INTO `replies` VALUES (91, 65, 9, 'Fuga eos quaerat quisquam eaque qui repellendus.', '2020-04-23 11:08:30', '2020-04-23 11:08:30');
INSERT INTO `replies` VALUES (92, 48, 3, 'Molestiae id officiis voluptates est nobis.', '2020-05-19 02:18:22', '2020-05-19 02:18:22');
INSERT INTO `replies` VALUES (93, 96, 8, 'Quia laudantium ullam accusantium commodi.', '2020-05-15 14:33:17', '2020-05-15 14:33:17');
INSERT INTO `replies` VALUES (94, 18, 9, 'Sed et maxime ea aut dignissimos suscipit porro omnis.', '2020-05-05 21:17:58', '2020-05-05 21:17:58');
INSERT INTO `replies` VALUES (95, 78, 4, 'Vero ullam sint exercitationem.', '2020-05-10 08:08:06', '2020-05-10 08:08:06');
INSERT INTO `replies` VALUES (96, 62, 4, 'Asperiores non ut et non.', '2020-05-19 13:22:10', '2020-05-19 13:22:10');
INSERT INTO `replies` VALUES (97, 85, 3, 'Sapiente labore vel pariatur dolorem ad et.', '2020-04-29 11:53:20', '2020-04-29 11:53:20');
INSERT INTO `replies` VALUES (98, 95, 5, 'Sed distinctio et in in autem facere excepturi.', '2020-05-13 23:14:57', '2020-05-13 23:14:57');
INSERT INTO `replies` VALUES (99, 52, 6, 'Fugiat optio saepe incidunt rerum.', '2020-04-30 07:29:48', '2020-04-30 07:29:48');
INSERT INTO `replies` VALUES (100, 91, 9, 'Eaque consectetur minus quod.', '2020-05-05 09:36:46', '2020-05-05 09:36:46');
INSERT INTO `replies` VALUES (101, 67, 3, 'Voluptatibus odio ad nihil libero iusto.', '2020-04-24 07:14:11', '2020-04-24 07:14:11');
INSERT INTO `replies` VALUES (102, 34, 10, 'Fuga qui numquam porro inventore molestias.', '2020-05-18 22:34:53', '2020-05-18 22:34:53');
INSERT INTO `replies` VALUES (103, 83, 6, 'Placeat eveniet non aut adipisci natus.', '2020-05-02 19:48:20', '2020-05-02 19:48:20');
INSERT INTO `replies` VALUES (104, 30, 3, 'Eum itaque molestias fugiat consectetur aut tempora nam.', '2020-05-09 00:56:15', '2020-05-09 00:56:15');
INSERT INTO `replies` VALUES (105, 53, 9, 'Facilis ipsa blanditiis quae nam.', '2020-04-23 18:01:07', '2020-04-23 18:01:07');
INSERT INTO `replies` VALUES (106, 8, 7, 'Eos velit est consequuntur vero nesciunt numquam corporis.', '2020-04-25 04:01:10', '2020-04-25 04:01:10');
INSERT INTO `replies` VALUES (107, 41, 4, 'Quo odio dolorum eos id.', '2020-05-09 23:53:51', '2020-05-09 23:53:51');
INSERT INTO `replies` VALUES (108, 52, 5, 'Hic eius dolorem odit dolore dicta et.', '2020-05-12 04:41:34', '2020-05-12 04:41:34');
INSERT INTO `replies` VALUES (109, 31, 10, 'Sapiente nam et fugit sunt voluptas sapiente voluptatem sunt.', '2020-04-25 00:59:59', '2020-04-25 00:59:59');
INSERT INTO `replies` VALUES (110, 76, 8, 'Exercitationem expedita fuga repudiandae cupiditate.', '2020-05-10 07:27:01', '2020-05-10 07:27:01');
INSERT INTO `replies` VALUES (111, 82, 9, 'Illo perspiciatis exercitationem fugiat.', '2020-04-25 12:27:02', '2020-04-25 12:27:02');
INSERT INTO `replies` VALUES (112, 28, 4, 'Saepe sed iusto est minima voluptas.', '2020-05-09 20:17:00', '2020-05-09 20:17:00');
INSERT INTO `replies` VALUES (113, 100, 5, 'Eaque blanditiis dolorem saepe.', '2020-04-25 05:04:21', '2020-04-25 05:04:21');
INSERT INTO `replies` VALUES (114, 85, 9, 'Molestiae eum et facere qui facere pariatur quia.', '2020-05-14 13:23:19', '2020-05-14 13:23:19');
INSERT INTO `replies` VALUES (115, 61, 6, 'Omnis consequuntur adipisci dolor temporibus reprehenderit alias.', '2020-05-02 07:47:56', '2020-05-02 07:47:56');
INSERT INTO `replies` VALUES (116, 8, 2, 'Ratione incidunt illo recusandae quia ab quisquam aut.', '2020-05-17 22:28:49', '2020-05-17 22:28:49');
INSERT INTO `replies` VALUES (117, 80, 7, 'Voluptas adipisci quam dolor ea quaerat.', '2020-05-08 22:58:17', '2020-05-08 22:58:17');
INSERT INTO `replies` VALUES (118, 57, 6, 'Non modi non inventore.', '2020-05-09 22:21:20', '2020-05-09 22:21:20');
INSERT INTO `replies` VALUES (119, 26, 3, 'Vel voluptates a officiis culpa odit.', '2020-05-20 17:03:20', '2020-05-20 17:03:20');
INSERT INTO `replies` VALUES (120, 54, 5, 'Rerum aut sit est est autem corporis.', '2020-05-15 01:14:06', '2020-05-15 01:14:06');
INSERT INTO `replies` VALUES (121, 66, 4, 'Eveniet voluptate sapiente dolore.', '2020-05-03 15:08:38', '2020-05-03 15:08:38');
INSERT INTO `replies` VALUES (122, 26, 5, 'Occaecati quas sequi ipsa alias.', '2020-05-05 23:54:29', '2020-05-05 23:54:29');
INSERT INTO `replies` VALUES (123, 23, 6, 'Tempore iste quisquam aut eligendi enim.', '2020-05-06 06:01:58', '2020-05-06 06:01:58');
INSERT INTO `replies` VALUES (124, 35, 5, 'Consequatur placeat fugit sunt corrupti voluptatem ut et.', '2020-05-06 20:19:37', '2020-05-06 20:19:37');
INSERT INTO `replies` VALUES (125, 79, 8, 'Eos accusamus deserunt et adipisci cupiditate earum.', '2020-05-18 17:37:23', '2020-05-18 17:37:23');
INSERT INTO `replies` VALUES (126, 1, 2, 'Impedit saepe maiores repudiandae hic consectetur velit.', '2020-04-23 10:05:35', '2020-04-23 10:05:35');
INSERT INTO `replies` VALUES (127, 49, 7, 'Eius amet ut perferendis quas.', '2020-04-22 17:22:57', '2020-04-22 17:22:57');
INSERT INTO `replies` VALUES (128, 33, 2, 'Consequatur nostrum quasi sint dignissimos dolorum eaque vel quam.', '2020-04-28 20:47:44', '2020-04-28 20:47:44');
INSERT INTO `replies` VALUES (129, 76, 9, 'Numquam facere qui eos consequuntur animi labore.', '2020-04-27 10:20:25', '2020-04-27 10:20:25');
INSERT INTO `replies` VALUES (130, 49, 5, 'Quos temporibus est dolorum id est molestias soluta.', '2020-04-24 21:52:05', '2020-04-24 21:52:05');
INSERT INTO `replies` VALUES (131, 13, 6, 'Dolor voluptatem ex qui.', '2020-04-24 17:10:41', '2020-04-24 17:10:41');
INSERT INTO `replies` VALUES (132, 72, 4, 'Nostrum ipsam qui voluptatem odit eos.', '2020-05-01 10:01:05', '2020-05-01 10:01:05');
INSERT INTO `replies` VALUES (133, 67, 9, 'Maiores facere laboriosam omnis aut consequatur.', '2020-04-29 21:06:46', '2020-04-29 21:06:46');
INSERT INTO `replies` VALUES (134, 28, 5, 'Ut illum sunt enim fuga est eos.', '2020-05-17 08:02:43', '2020-05-17 08:02:43');
INSERT INTO `replies` VALUES (135, 33, 6, 'Temporibus quia maxime veniam sed.', '2020-05-14 23:25:03', '2020-05-14 23:25:03');
INSERT INTO `replies` VALUES (136, 78, 10, 'Quas repellendus nostrum qui ut hic.', '2020-04-25 08:23:56', '2020-04-25 08:23:56');
INSERT INTO `replies` VALUES (137, 40, 7, 'Distinctio soluta suscipit rerum autem modi ratione explicabo.', '2020-05-09 16:44:12', '2020-05-09 16:44:12');
INSERT INTO `replies` VALUES (138, 72, 10, 'Ipsa nihil harum quia omnis eum quis accusamus.', '2020-05-19 03:59:25', '2020-05-19 03:59:25');
INSERT INTO `replies` VALUES (139, 89, 7, 'Sunt omnis hic voluptatem porro quae ipsam.', '2020-05-02 04:15:12', '2020-05-02 04:15:12');
INSERT INTO `replies` VALUES (140, 90, 4, 'Ullam corrupti iusto sed ipsam sequi.', '2020-05-15 19:16:29', '2020-05-15 19:16:29');
INSERT INTO `replies` VALUES (141, 43, 9, 'Neque eos ut laboriosam tempora.', '2020-05-05 09:42:11', '2020-05-05 09:42:11');
INSERT INTO `replies` VALUES (142, 89, 8, 'Sit et non inventore voluptates nisi similique odit.', '2020-05-09 21:47:38', '2020-05-09 21:47:38');
INSERT INTO `replies` VALUES (143, 94, 5, 'Deserunt sint sit eos qui et velit.', '2020-04-23 02:30:23', '2020-04-23 02:30:23');
INSERT INTO `replies` VALUES (144, 29, 1, 'Dicta soluta excepturi fugiat autem.', '2020-05-08 21:30:06', '2020-05-08 21:30:06');
INSERT INTO `replies` VALUES (145, 38, 4, 'Tenetur dicta enim cum ea ut.', '2020-05-02 12:11:00', '2020-05-02 12:11:00');
INSERT INTO `replies` VALUES (146, 68, 2, 'Ut ipsam est temporibus possimus pariatur quis id.', '2020-05-20 16:55:42', '2020-05-20 16:55:42');
INSERT INTO `replies` VALUES (147, 76, 6, 'Cupiditate consequuntur voluptas libero nam culpa quia.', '2020-04-24 14:54:38', '2020-04-24 14:54:38');
INSERT INTO `replies` VALUES (148, 51, 9, 'Aliquam ut mollitia assumenda distinctio sint delectus excepturi.', '2020-04-27 11:09:35', '2020-04-27 11:09:35');
INSERT INTO `replies` VALUES (149, 42, 6, 'Ut aut impedit molestiae quae.', '2020-05-01 00:18:38', '2020-05-01 00:18:38');
INSERT INTO `replies` VALUES (150, 84, 7, 'Quo et delectus saepe.', '2020-05-06 15:23:56', '2020-05-06 15:23:56');
INSERT INTO `replies` VALUES (151, 81, 5, 'Sunt sunt qui suscipit.', '2020-05-02 20:36:02', '2020-05-02 20:36:02');
INSERT INTO `replies` VALUES (152, 28, 10, 'Tempore aspernatur sint ex.', '2020-04-28 03:54:39', '2020-04-28 03:54:39');
INSERT INTO `replies` VALUES (153, 30, 5, 'Eligendi sit dignissimos vero voluptas.', '2020-05-10 04:39:47', '2020-05-10 04:39:47');
INSERT INTO `replies` VALUES (154, 50, 1, 'Fugiat repudiandae eligendi repudiandae qui.', '2020-05-13 18:25:32', '2020-05-13 18:25:32');
INSERT INTO `replies` VALUES (155, 56, 10, 'Neque quia unde dicta eos aut sint ut.', '2020-05-01 17:31:14', '2020-05-01 17:31:14');
INSERT INTO `replies` VALUES (156, 79, 9, 'Et qui qui asperiores nisi.', '2020-05-20 02:00:32', '2020-05-20 02:00:32');
INSERT INTO `replies` VALUES (157, 1, 10, 'Aut aut deserunt nihil id.', '2020-05-14 21:21:38', '2020-05-14 21:21:38');
INSERT INTO `replies` VALUES (158, 82, 9, 'Nihil mollitia eius quo rerum eum non inventore.', '2020-05-18 23:53:43', '2020-05-18 23:53:43');
INSERT INTO `replies` VALUES (159, 73, 8, 'Sit ut eos atque deserunt deserunt.', '2020-05-06 00:33:32', '2020-05-06 00:33:32');
INSERT INTO `replies` VALUES (160, 6, 9, 'Ut rerum distinctio laboriosam cupiditate eum vel ipsa.', '2020-05-19 14:26:55', '2020-05-19 14:26:55');
INSERT INTO `replies` VALUES (161, 92, 2, 'Ratione id illum assumenda occaecati earum.', '2020-05-08 02:39:13', '2020-05-08 02:39:13');
INSERT INTO `replies` VALUES (162, 45, 4, 'Est velit enim autem aut accusantium officiis.', '2020-04-25 21:46:48', '2020-04-25 21:46:48');
INSERT INTO `replies` VALUES (163, 51, 8, 'Et cum qui modi fuga.', '2020-05-04 14:10:30', '2020-05-04 14:10:30');
INSERT INTO `replies` VALUES (164, 25, 7, 'Aut nostrum et et fugiat.', '2020-05-17 01:47:26', '2020-05-17 01:47:26');
INSERT INTO `replies` VALUES (165, 42, 1, 'Dignissimos provident animi ullam qui nulla esse ea.', '2020-05-02 03:17:41', '2020-05-02 03:17:41');
INSERT INTO `replies` VALUES (166, 31, 4, 'Aut aut nihil atque id reiciendis voluptas ducimus eveniet.', '2020-05-11 20:20:33', '2020-05-11 20:20:33');
INSERT INTO `replies` VALUES (167, 95, 2, 'Quod ducimus et alias.', '2020-04-30 07:10:11', '2020-04-30 07:10:11');
INSERT INTO `replies` VALUES (168, 45, 4, 'Dolorem qui delectus impedit labore.', '2020-05-09 21:42:54', '2020-05-09 21:42:54');
INSERT INTO `replies` VALUES (169, 6, 2, 'Nam qui repellendus fuga perferendis.', '2020-04-25 07:23:23', '2020-04-25 07:23:23');
INSERT INTO `replies` VALUES (170, 63, 5, 'Dolorem corrupti non excepturi cupiditate quaerat.', '2020-05-14 16:58:37', '2020-05-14 16:58:37');
INSERT INTO `replies` VALUES (171, 31, 6, 'Doloremque iusto aut et ipsa dolorum id.', '2020-05-15 04:59:53', '2020-05-15 04:59:53');
INSERT INTO `replies` VALUES (172, 66, 1, 'Consequatur perferendis cupiditate rerum est.', '2020-05-21 17:16:13', '2020-05-21 17:16:13');
INSERT INTO `replies` VALUES (173, 87, 9, 'Culpa possimus laudantium minima vel.', '2020-05-11 11:51:24', '2020-05-11 11:51:24');
INSERT INTO `replies` VALUES (174, 56, 1, 'Dolores enim repudiandae rerum repellat accusamus et.', '2020-05-13 03:20:35', '2020-05-13 03:20:35');
INSERT INTO `replies` VALUES (175, 73, 3, 'Occaecati quo consequuntur ipsa quia odio autem ullam.', '2020-05-03 19:15:48', '2020-05-03 19:15:48');
INSERT INTO `replies` VALUES (176, 24, 4, 'Maiores sed quis rerum.', '2020-05-16 09:11:27', '2020-05-16 09:11:27');
INSERT INTO `replies` VALUES (177, 62, 2, 'Eligendi quis explicabo magnam fugit.', '2020-05-22 01:50:49', '2020-05-22 01:50:49');
INSERT INTO `replies` VALUES (178, 71, 5, 'Ea aliquid esse recusandae rerum minima.', '2020-05-02 17:01:41', '2020-05-02 17:01:41');
INSERT INTO `replies` VALUES (179, 77, 10, 'Ea voluptatem dolores recusandae voluptatum id ab.', '2020-05-06 06:01:11', '2020-05-06 06:01:11');
INSERT INTO `replies` VALUES (180, 70, 4, 'Itaque quis ipsa et voluptatem adipisci a est.', '2020-05-17 06:33:33', '2020-05-17 06:33:33');
INSERT INTO `replies` VALUES (181, 9, 9, 'Dolorum aliquid praesentium quia.', '2020-04-26 13:30:01', '2020-04-26 13:30:01');
INSERT INTO `replies` VALUES (182, 14, 9, 'Id voluptatem sunt modi sint nostrum ea.', '2020-05-12 23:43:30', '2020-05-12 23:43:30');
INSERT INTO `replies` VALUES (183, 81, 9, 'Accusamus ipsa voluptatem et deserunt consequatur dolores aut.', '2020-05-14 02:59:51', '2020-05-14 02:59:51');
INSERT INTO `replies` VALUES (184, 61, 10, 'Non quaerat incidunt hic cum.', '2020-05-10 21:49:24', '2020-05-10 21:49:24');
INSERT INTO `replies` VALUES (185, 20, 3, 'Cum est repudiandae atque porro quo aut.', '2020-04-29 17:44:24', '2020-04-29 17:44:24');
INSERT INTO `replies` VALUES (186, 68, 10, 'Aliquid doloremque consequatur officiis aspernatur.', '2020-05-01 02:26:40', '2020-05-01 02:26:40');
INSERT INTO `replies` VALUES (187, 49, 9, 'Quaerat ut ut odit dolores ratione exercitationem consequatur.', '2020-05-12 23:13:33', '2020-05-12 23:13:33');
INSERT INTO `replies` VALUES (188, 97, 5, 'Quia sed nulla tempora libero.', '2020-04-26 01:58:21', '2020-04-26 01:58:21');
INSERT INTO `replies` VALUES (189, 69, 7, 'Cumque ea quia voluptas voluptatem fugiat sed.', '2020-05-03 22:07:30', '2020-05-03 22:07:30');
INSERT INTO `replies` VALUES (190, 16, 1, 'Dolore aut sint itaque atque debitis cum.', '2020-04-28 12:01:21', '2020-04-28 12:01:21');
INSERT INTO `replies` VALUES (191, 64, 1, 'Ea explicabo omnis voluptatibus quo assumenda dolor voluptatem.', '2020-05-02 19:50:26', '2020-05-02 19:50:26');
INSERT INTO `replies` VALUES (192, 48, 4, 'Porro impedit necessitatibus et nobis reiciendis eum laboriosam.', '2020-05-09 13:05:50', '2020-05-09 13:05:50');
INSERT INTO `replies` VALUES (193, 25, 3, 'Pariatur enim dolore iusto officiis.', '2020-05-13 20:24:25', '2020-05-13 20:24:25');
INSERT INTO `replies` VALUES (194, 69, 4, 'Quis aliquid eum distinctio.', '2020-04-23 04:38:24', '2020-04-23 04:38:24');
INSERT INTO `replies` VALUES (195, 31, 1, 'Eum est quas assumenda.', '2020-05-14 21:54:17', '2020-05-14 21:54:17');
INSERT INTO `replies` VALUES (196, 48, 9, 'Ut impedit voluptas qui est accusamus facere perferendis.', '2020-05-01 07:58:28', '2020-05-01 07:58:28');
INSERT INTO `replies` VALUES (197, 43, 9, 'Vero harum dicta sit esse sunt magnam.', '2020-05-15 13:48:01', '2020-05-15 13:48:01');
INSERT INTO `replies` VALUES (198, 52, 10, 'Deserunt praesentium qui et voluptatem.', '2020-05-06 09:04:32', '2020-05-06 09:04:32');
INSERT INTO `replies` VALUES (199, 13, 4, 'Sit aliquid amet est ipsam sit et nihil.', '2020-05-03 06:17:07', '2020-05-03 06:17:07');
INSERT INTO `replies` VALUES (200, 33, 7, 'Recusandae perspiciatis impedit porro sint nihil.', '2020-05-17 04:44:45', '2020-05-17 04:44:45');
INSERT INTO `replies` VALUES (201, 72, 1, 'Unde aut est sequi eos explicabo omnis soluta ea.', '2020-05-13 07:36:19', '2020-05-13 07:36:19');
INSERT INTO `replies` VALUES (202, 80, 3, 'Corporis voluptates est minima quasi voluptatibus.', '2020-05-17 09:07:32', '2020-05-17 09:07:32');
INSERT INTO `replies` VALUES (203, 54, 4, 'Id non rerum cum qui blanditiis labore odit.', '2020-05-18 10:03:30', '2020-05-18 10:03:30');
INSERT INTO `replies` VALUES (204, 91, 2, 'Nostrum ea cupiditate error in assumenda qui eum.', '2020-05-20 19:09:24', '2020-05-20 19:09:24');
INSERT INTO `replies` VALUES (205, 71, 3, 'Ipsam eum dolorum aut.', '2020-05-13 02:11:15', '2020-05-13 02:11:15');
INSERT INTO `replies` VALUES (206, 66, 8, 'Et voluptas reprehenderit ipsa facilis.', '2020-05-03 13:21:43', '2020-05-03 13:21:43');
INSERT INTO `replies` VALUES (207, 39, 5, 'Magni recusandae soluta non.', '2020-04-28 23:40:42', '2020-04-28 23:40:42');
INSERT INTO `replies` VALUES (208, 40, 7, 'Quaerat sit sed explicabo rerum fugit excepturi non.', '2020-05-19 08:37:27', '2020-05-19 08:37:27');
INSERT INTO `replies` VALUES (209, 48, 2, 'Atque ut nisi veritatis qui iste tempore nemo.', '2020-04-30 16:39:35', '2020-04-30 16:39:35');
INSERT INTO `replies` VALUES (210, 3, 8, 'Doloremque veniam quia atque est quibusdam.', '2020-05-17 21:00:51', '2020-05-17 21:00:51');
INSERT INTO `replies` VALUES (211, 8, 1, 'Est quis omnis ducimus cupiditate corporis.', '2020-05-20 19:57:57', '2020-05-20 19:57:57');
INSERT INTO `replies` VALUES (212, 42, 7, 'Saepe cupiditate qui quibusdam voluptatem expedita.', '2020-05-16 10:58:32', '2020-05-16 10:58:32');
INSERT INTO `replies` VALUES (213, 81, 8, 'Laudantium nesciunt aut qui quibusdam doloribus.', '2020-04-28 23:23:01', '2020-04-28 23:23:01');
INSERT INTO `replies` VALUES (214, 10, 7, 'Aut dolores minus omnis molestias voluptatem sapiente.', '2020-05-03 10:54:48', '2020-05-03 10:54:48');
INSERT INTO `replies` VALUES (215, 30, 6, 'Repellendus eligendi consectetur illum rerum adipisci facere.', '2020-05-04 11:27:13', '2020-05-04 11:27:13');
INSERT INTO `replies` VALUES (216, 21, 9, 'Inventore magni dolor omnis.', '2020-05-16 21:44:18', '2020-05-16 21:44:18');
INSERT INTO `replies` VALUES (217, 54, 8, 'Animi quo eius similique dolore ipsam facilis reiciendis voluptatibus.', '2020-05-10 20:41:10', '2020-05-10 20:41:10');
INSERT INTO `replies` VALUES (218, 85, 6, 'Consequatur aut et animi corrupti dolores labore facilis.', '2020-05-20 04:31:48', '2020-05-20 04:31:48');
INSERT INTO `replies` VALUES (219, 24, 6, 'Dicta rerum eligendi perspiciatis eveniet temporibus.', '2020-05-04 15:40:54', '2020-05-04 15:40:54');
INSERT INTO `replies` VALUES (220, 74, 1, 'Ad sunt quae beatae a eos ad sit.', '2020-05-21 22:53:26', '2020-05-21 22:53:26');
INSERT INTO `replies` VALUES (221, 50, 5, 'Dolores repellendus sunt mollitia ut.', '2020-05-09 04:41:01', '2020-05-09 04:41:01');
INSERT INTO `replies` VALUES (222, 44, 3, 'Et reiciendis dolores quis.', '2020-04-29 09:23:20', '2020-04-29 09:23:20');
INSERT INTO `replies` VALUES (223, 55, 4, 'Repellendus pariatur alias qui harum ut vero rerum.', '2020-05-13 09:54:11', '2020-05-13 09:54:11');
INSERT INTO `replies` VALUES (224, 68, 6, 'Odit quasi cum porro qui tempora corrupti.', '2020-05-08 21:35:38', '2020-05-08 21:35:38');
INSERT INTO `replies` VALUES (225, 33, 9, 'Totam velit ipsam quia beatae ipsa et in.', '2020-04-26 02:58:48', '2020-04-26 02:58:48');
INSERT INTO `replies` VALUES (226, 32, 8, 'Et officiis expedita veniam recusandae distinctio rem nemo.', '2020-04-26 17:55:32', '2020-04-26 17:55:32');
INSERT INTO `replies` VALUES (227, 41, 5, 'Numquam voluptatem aperiam cum autem vel.', '2020-05-02 23:09:12', '2020-05-02 23:09:12');
INSERT INTO `replies` VALUES (228, 69, 9, 'Quia voluptatem voluptates quae quidem molestias eos.', '2020-05-02 20:14:39', '2020-05-02 20:14:39');
INSERT INTO `replies` VALUES (229, 78, 7, 'Architecto et doloremque id distinctio aut saepe incidunt ut.', '2020-04-26 16:52:10', '2020-04-26 16:52:10');
INSERT INTO `replies` VALUES (230, 97, 6, 'Est et dolores sed qui quia eligendi.', '2020-05-15 08:11:03', '2020-05-15 08:11:03');
INSERT INTO `replies` VALUES (231, 96, 6, 'Voluptatem earum voluptatem accusamus qui.', '2020-05-19 01:09:25', '2020-05-19 01:09:25');
INSERT INTO `replies` VALUES (232, 73, 7, 'Qui quos omnis consequatur accusantium beatae.', '2020-04-27 10:33:31', '2020-04-27 10:33:31');
INSERT INTO `replies` VALUES (233, 95, 10, 'Distinctio officiis veniam dolorem ipsa.', '2020-04-24 21:25:24', '2020-04-24 21:25:24');
INSERT INTO `replies` VALUES (234, 22, 1, 'Dicta facilis ut dolorum laboriosam nesciunt suscipit sit.', '2020-05-16 20:41:19', '2020-05-16 20:41:19');
INSERT INTO `replies` VALUES (235, 60, 9, 'Error aspernatur perspiciatis placeat rerum quis nulla et quas.', '2020-05-15 13:50:16', '2020-05-15 13:50:16');
INSERT INTO `replies` VALUES (236, 37, 5, 'Possimus assumenda qui autem iusto voluptatem sit.', '2020-05-10 07:35:01', '2020-05-10 07:35:01');
INSERT INTO `replies` VALUES (237, 28, 3, 'Eum praesentium consequatur neque dolor voluptatem qui voluptatibus.', '2020-04-27 01:45:16', '2020-04-27 01:45:16');
INSERT INTO `replies` VALUES (238, 4, 8, 'Cumque perferendis voluptatum a quia quos.', '2020-05-13 21:46:31', '2020-05-13 21:46:31');
INSERT INTO `replies` VALUES (239, 18, 5, 'Excepturi inventore ut laudantium in eum eos rerum.', '2020-04-24 11:42:19', '2020-04-24 11:42:19');
INSERT INTO `replies` VALUES (240, 92, 2, 'Iure optio eum ut deserunt.', '2020-04-26 10:53:07', '2020-04-26 10:53:07');
INSERT INTO `replies` VALUES (241, 24, 6, 'Reprehenderit est iste consequuntur quod incidunt nesciunt consequatur.', '2020-05-06 09:24:05', '2020-05-06 09:24:05');
INSERT INTO `replies` VALUES (242, 31, 3, 'Consequuntur praesentium vel saepe ab exercitationem.', '2020-05-03 18:11:24', '2020-05-03 18:11:24');
INSERT INTO `replies` VALUES (243, 70, 2, 'Ut enim aliquid id iure provident pariatur.', '2020-05-08 20:14:08', '2020-05-08 20:14:08');
INSERT INTO `replies` VALUES (244, 34, 6, 'Voluptatem asperiores culpa rem sed incidunt est.', '2020-05-08 18:55:23', '2020-05-08 18:55:23');
INSERT INTO `replies` VALUES (245, 76, 6, 'Aut perferendis iusto accusamus unde consectetur in.', '2020-05-11 07:43:05', '2020-05-11 07:43:05');
INSERT INTO `replies` VALUES (246, 47, 1, 'Illum voluptatem a et quo deserunt sit id et.', '2020-04-28 02:32:53', '2020-04-28 02:32:53');
INSERT INTO `replies` VALUES (247, 67, 2, 'Quo dolor eaque reprehenderit porro est nobis.', '2020-05-17 21:29:56', '2020-05-17 21:29:56');
INSERT INTO `replies` VALUES (248, 70, 2, 'Nesciunt vitae labore dolores similique.', '2020-04-28 12:48:35', '2020-04-28 12:48:35');
INSERT INTO `replies` VALUES (249, 16, 1, 'Veritatis architecto aut modi voluptatem sint.', '2020-04-28 17:26:01', '2020-04-28 17:26:01');
INSERT INTO `replies` VALUES (250, 12, 3, 'Et ab nemo accusantium et rem sit.', '2020-05-07 07:12:28', '2020-05-07 07:12:28');
INSERT INTO `replies` VALUES (251, 53, 7, 'Quia unde enim repellendus debitis non.', '2020-05-09 01:28:16', '2020-05-09 01:28:16');
INSERT INTO `replies` VALUES (252, 4, 2, 'Minus sit id vel provident et.', '2020-05-18 10:10:51', '2020-05-18 10:10:51');
INSERT INTO `replies` VALUES (253, 34, 5, 'Deserunt ex ea in omnis a.', '2020-04-24 03:34:10', '2020-04-24 03:34:10');
INSERT INTO `replies` VALUES (254, 24, 8, 'Perferendis omnis magni iusto architecto.', '2020-04-29 16:40:40', '2020-04-29 16:40:40');
INSERT INTO `replies` VALUES (255, 100, 5, 'Sunt cupiditate dolorem officia voluptatum sed officiis.', '2020-04-30 13:07:04', '2020-04-30 13:07:04');
INSERT INTO `replies` VALUES (256, 100, 2, 'Quaerat repellendus reprehenderit facilis veniam cupiditate labore repellendus.', '2020-05-10 20:06:30', '2020-05-10 20:06:30');
INSERT INTO `replies` VALUES (257, 7, 7, 'Quia sequi aut quibusdam aut reiciendis a.', '2020-05-19 10:03:11', '2020-05-19 10:03:11');
INSERT INTO `replies` VALUES (258, 39, 7, 'Autem cupiditate facilis ducimus autem illo enim.', '2020-04-24 19:15:29', '2020-04-24 19:15:29');
INSERT INTO `replies` VALUES (259, 45, 2, 'Aperiam provident iste sed possimus voluptates dicta.', '2020-05-09 05:44:22', '2020-05-09 05:44:22');
INSERT INTO `replies` VALUES (260, 90, 2, 'Quis qui voluptatibus quaerat ut enim.', '2020-05-01 23:31:04', '2020-05-01 23:31:04');
INSERT INTO `replies` VALUES (261, 88, 2, 'Praesentium soluta quasi et iste nihil quia.', '2020-05-12 21:46:46', '2020-05-12 21:46:46');
INSERT INTO `replies` VALUES (262, 35, 9, 'Magnam recusandae cum totam minus.', '2020-05-02 13:04:59', '2020-05-02 13:04:59');
INSERT INTO `replies` VALUES (263, 46, 6, 'Illo alias ut ea officia.', '2020-05-11 13:21:10', '2020-05-11 13:21:10');
INSERT INTO `replies` VALUES (264, 12, 4, 'Cumque qui excepturi qui voluptas et.', '2020-05-17 08:45:30', '2020-05-17 08:45:30');
INSERT INTO `replies` VALUES (265, 4, 10, 'Dolor ut ratione illum optio itaque.', '2020-05-14 00:24:04', '2020-05-14 00:24:04');
INSERT INTO `replies` VALUES (266, 37, 2, 'Voluptas reprehenderit eos blanditiis ipsum.', '2020-05-09 11:48:03', '2020-05-09 11:48:03');
INSERT INTO `replies` VALUES (267, 16, 5, 'Alias modi quam et porro saepe qui.', '2020-05-13 17:05:25', '2020-05-13 17:05:25');
INSERT INTO `replies` VALUES (268, 18, 4, 'Sequi quo ea ratione quam dolore provident.', '2020-05-22 01:18:48', '2020-05-22 01:18:48');
INSERT INTO `replies` VALUES (269, 95, 7, 'Quis in esse optio qui rerum laboriosam qui.', '2020-05-20 13:52:50', '2020-05-20 13:52:50');
INSERT INTO `replies` VALUES (270, 35, 8, 'Ut modi qui alias ut et rem.', '2020-04-28 09:00:38', '2020-04-28 09:00:38');
INSERT INTO `replies` VALUES (271, 82, 3, 'Sit corporis voluptas animi esse accusamus ut architecto.', '2020-04-27 22:33:59', '2020-04-27 22:33:59');
INSERT INTO `replies` VALUES (272, 46, 6, 'At aut porro qui quia.', '2020-04-25 02:17:48', '2020-04-25 02:17:48');
INSERT INTO `replies` VALUES (273, 7, 3, 'Temporibus non omnis qui autem rerum.', '2020-05-05 16:33:23', '2020-05-05 16:33:23');
INSERT INTO `replies` VALUES (274, 79, 8, 'Sint vel facere quam dolorem.', '2020-05-08 21:36:42', '2020-05-08 21:36:42');
INSERT INTO `replies` VALUES (275, 72, 6, 'Est eveniet in numquam a temporibus iste.', '2020-04-26 15:21:11', '2020-04-26 15:21:11');
INSERT INTO `replies` VALUES (276, 67, 2, 'Sunt repudiandae eos cupiditate voluptas.', '2020-04-29 00:42:40', '2020-04-29 00:42:40');
INSERT INTO `replies` VALUES (277, 52, 4, 'Quia ratione omnis dolorum est dolor eos.', '2020-05-05 04:04:01', '2020-05-05 04:04:01');
INSERT INTO `replies` VALUES (278, 75, 5, 'Sint cumque aliquam vel ab nostrum quod deserunt.', '2020-05-12 20:14:14', '2020-05-12 20:14:14');
INSERT INTO `replies` VALUES (279, 23, 9, 'Non dicta veniam et commodi nihil earum at repudiandae.', '2020-05-18 10:20:59', '2020-05-18 10:20:59');
INSERT INTO `replies` VALUES (280, 69, 2, 'Expedita molestias adipisci libero ea debitis.', '2020-05-12 22:22:55', '2020-05-12 22:22:55');
INSERT INTO `replies` VALUES (281, 90, 2, 'Minus ut aut perspiciatis consequatur quasi.', '2020-05-16 14:15:54', '2020-05-16 14:15:54');
INSERT INTO `replies` VALUES (282, 86, 7, 'Recusandae nostrum consequatur sapiente veniam explicabo in praesentium.', '2020-05-19 10:22:48', '2020-05-19 10:22:48');
INSERT INTO `replies` VALUES (283, 56, 9, 'Quia vitae ut ullam natus.', '2020-05-07 11:38:14', '2020-05-07 11:38:14');
INSERT INTO `replies` VALUES (284, 99, 1, 'Ea qui id non veniam officia eum hic quaerat.', '2020-04-29 15:42:47', '2020-04-29 15:42:47');
INSERT INTO `replies` VALUES (285, 12, 5, 'Voluptas dolore perferendis sit sint consequatur numquam.', '2020-05-04 08:43:26', '2020-05-04 08:43:26');
INSERT INTO `replies` VALUES (286, 60, 7, 'Commodi quia earum similique nobis saepe.', '2020-05-05 09:38:24', '2020-05-05 09:38:24');
INSERT INTO `replies` VALUES (287, 63, 2, 'Nulla suscipit at dignissimos.', '2020-05-08 07:38:43', '2020-05-08 07:38:43');
INSERT INTO `replies` VALUES (288, 68, 4, 'Quidem accusamus eos omnis ducimus sed neque.', '2020-04-29 03:40:20', '2020-04-29 03:40:20');
INSERT INTO `replies` VALUES (289, 66, 6, 'Totam eaque tempore eos sint omnis mollitia.', '2020-05-18 13:04:21', '2020-05-18 13:04:21');
INSERT INTO `replies` VALUES (290, 98, 3, 'Aut necessitatibus doloremque occaecati doloribus.', '2020-05-02 08:19:48', '2020-05-02 08:19:48');
INSERT INTO `replies` VALUES (291, 73, 5, 'Aut cupiditate sint sint perferendis.', '2020-05-06 10:20:22', '2020-05-06 10:20:22');
INSERT INTO `replies` VALUES (292, 11, 2, 'Molestias ipsa aliquid dolorem assumenda id impedit sapiente.', '2020-05-19 11:21:32', '2020-05-19 11:21:32');
INSERT INTO `replies` VALUES (293, 31, 8, 'Enim quos error adipisci corporis corporis ipsum rerum.', '2020-04-28 06:12:20', '2020-04-28 06:12:20');
INSERT INTO `replies` VALUES (294, 76, 7, 'Et ea velit atque nulla voluptas.', '2020-05-05 16:34:32', '2020-05-05 16:34:32');
INSERT INTO `replies` VALUES (295, 44, 1, 'Id consequatur ducimus blanditiis debitis.', '2020-04-23 13:51:38', '2020-04-23 13:51:38');
INSERT INTO `replies` VALUES (296, 9, 2, 'Veniam dolor qui ut qui eligendi quo aut.', '2020-05-19 10:24:02', '2020-05-19 10:24:02');
INSERT INTO `replies` VALUES (297, 8, 9, 'Corporis est iure sint saepe alias quia itaque.', '2020-04-29 01:03:36', '2020-04-29 01:03:36');
INSERT INTO `replies` VALUES (298, 83, 10, 'Libero voluptates sed reiciendis aut.', '2020-05-19 07:38:00', '2020-05-19 07:38:00');
INSERT INTO `replies` VALUES (299, 99, 10, 'Maxime ratione iste aut delectus facilis quo nulla.', '2020-05-04 22:10:18', '2020-05-04 22:10:18');
INSERT INTO `replies` VALUES (300, 82, 7, 'Necessitatibus cumque quia qui error totam.', '2020-04-24 19:45:46', '2020-04-24 19:45:46');
INSERT INTO `replies` VALUES (301, 4, 2, 'Deleniti id soluta sunt.', '2020-04-26 05:20:01', '2020-04-26 05:20:01');
INSERT INTO `replies` VALUES (302, 17, 3, 'Non vel voluptas sed voluptas consequuntur repudiandae minima.', '2020-04-24 08:59:54', '2020-04-24 08:59:54');
INSERT INTO `replies` VALUES (303, 19, 8, 'Voluptatem quae ut sed minus nihil fuga.', '2020-05-01 16:42:37', '2020-05-01 16:42:37');
INSERT INTO `replies` VALUES (304, 20, 9, 'Minima perferendis ut et eos.', '2020-04-29 18:33:16', '2020-04-29 18:33:16');
INSERT INTO `replies` VALUES (305, 31, 9, 'Ut aliquam ab voluptatem earum eos.', '2020-05-11 16:04:37', '2020-05-11 16:04:37');
INSERT INTO `replies` VALUES (306, 100, 7, 'Illum consequuntur deserunt omnis sed minima.', '2020-05-13 21:38:43', '2020-05-13 21:38:43');
INSERT INTO `replies` VALUES (307, 6, 3, 'Nemo voluptas amet corporis.', '2020-05-02 05:29:37', '2020-05-02 05:29:37');
INSERT INTO `replies` VALUES (308, 34, 4, 'Non est vitae deserunt dolores.', '2020-05-10 05:36:29', '2020-05-10 05:36:29');
INSERT INTO `replies` VALUES (309, 99, 1, 'Itaque consectetur commodi ea asperiores.', '2020-05-08 19:33:47', '2020-05-08 19:33:47');
INSERT INTO `replies` VALUES (310, 13, 5, 'Molestiae quia autem et neque.', '2020-04-23 11:46:15', '2020-04-23 11:46:15');
INSERT INTO `replies` VALUES (311, 11, 5, 'Nihil consectetur harum possimus id aut dignissimos ut adipisci.', '2020-05-04 13:42:57', '2020-05-04 13:42:57');
INSERT INTO `replies` VALUES (312, 72, 6, 'Nesciunt quaerat est non reprehenderit.', '2020-05-17 02:32:16', '2020-05-17 02:32:16');
INSERT INTO `replies` VALUES (313, 7, 6, 'Possimus esse blanditiis sunt voluptatum.', '2020-05-02 02:21:52', '2020-05-02 02:21:52');
INSERT INTO `replies` VALUES (314, 65, 9, 'Ullam neque quia ut quia illo reprehenderit est.', '2020-05-20 20:47:48', '2020-05-20 20:47:48');
INSERT INTO `replies` VALUES (315, 87, 10, 'Iusto incidunt magni vel deserunt ipsam.', '2020-04-29 14:23:00', '2020-04-29 14:23:00');
INSERT INTO `replies` VALUES (316, 57, 5, 'Quidem repellendus vel beatae fuga quidem earum similique.', '2020-05-07 15:38:32', '2020-05-07 15:38:32');
INSERT INTO `replies` VALUES (317, 29, 10, 'Soluta et expedita accusamus cumque ea aliquam.', '2020-05-21 20:31:18', '2020-05-21 20:31:18');
INSERT INTO `replies` VALUES (318, 99, 7, 'Ut eos iure voluptatem eos quia dicta quia.', '2020-05-02 02:08:41', '2020-05-02 02:08:41');
INSERT INTO `replies` VALUES (319, 100, 8, 'Architecto et quisquam consequuntur et.', '2020-05-01 21:02:01', '2020-05-01 21:02:01');
INSERT INTO `replies` VALUES (320, 43, 10, 'Beatae quaerat magni earum maxime cupiditate reiciendis.', '2020-05-19 13:46:36', '2020-05-19 13:46:36');
INSERT INTO `replies` VALUES (321, 2, 5, 'Reiciendis sint et minus et vitae sint est.', '2020-05-05 13:10:56', '2020-05-05 13:10:56');
INSERT INTO `replies` VALUES (322, 43, 6, 'Voluptates odit non corporis possimus.', '2020-05-18 14:21:10', '2020-05-18 14:21:10');
INSERT INTO `replies` VALUES (323, 99, 7, 'Id debitis soluta corporis similique enim impedit.', '2020-04-23 19:19:44', '2020-04-23 19:19:44');
INSERT INTO `replies` VALUES (324, 95, 3, 'Saepe molestiae vero illum cupiditate mollitia omnis voluptas recusandae.', '2020-04-27 19:40:48', '2020-04-27 19:40:48');
INSERT INTO `replies` VALUES (325, 41, 5, 'Dolorum dolores nesciunt rem quia.', '2020-05-09 03:06:21', '2020-05-09 03:06:21');
INSERT INTO `replies` VALUES (326, 48, 7, 'Libero dolor ut eveniet omnis veritatis minus.', '2020-05-16 06:59:29', '2020-05-16 06:59:29');
INSERT INTO `replies` VALUES (327, 38, 6, 'Rerum sunt consequatur rerum ut eos dignissimos nam.', '2020-05-18 03:36:11', '2020-05-18 03:36:11');
INSERT INTO `replies` VALUES (328, 41, 8, 'Debitis perspiciatis doloribus aut iste omnis ratione.', '2020-05-18 20:56:02', '2020-05-18 20:56:02');
INSERT INTO `replies` VALUES (329, 48, 10, 'Placeat et nesciunt magni error aliquam porro doloribus.', '2020-05-18 01:27:29', '2020-05-18 01:27:29');
INSERT INTO `replies` VALUES (330, 88, 7, 'Commodi ex porro itaque eos cum ducimus ullam.', '2020-04-30 00:21:07', '2020-04-30 00:21:07');
INSERT INTO `replies` VALUES (331, 11, 6, 'Ex fuga quasi quam et.', '2020-05-19 11:20:57', '2020-05-19 11:20:57');
INSERT INTO `replies` VALUES (332, 43, 4, 'Deserunt rerum maiores ratione labore.', '2020-05-03 03:53:56', '2020-05-03 03:53:56');
INSERT INTO `replies` VALUES (333, 54, 5, 'Officiis quia id iste soluta dolorem quo.', '2020-05-19 06:56:52', '2020-05-19 06:56:52');
INSERT INTO `replies` VALUES (334, 75, 5, 'Omnis reprehenderit voluptatem dignissimos quae.', '2020-05-21 06:40:01', '2020-05-21 06:40:01');
INSERT INTO `replies` VALUES (335, 79, 2, 'Et ea placeat velit est aspernatur et cum.', '2020-04-24 19:14:28', '2020-04-24 19:14:28');
INSERT INTO `replies` VALUES (336, 56, 8, 'Eum occaecati repellat adipisci in ipsum.', '2020-05-17 13:47:14', '2020-05-17 13:47:14');
INSERT INTO `replies` VALUES (337, 20, 3, 'Alias tenetur sit est ut quis eos.', '2020-04-27 15:17:09', '2020-04-27 15:17:09');
INSERT INTO `replies` VALUES (338, 99, 4, 'Quisquam nisi consectetur ab quia harum earum voluptatem.', '2020-05-02 03:26:07', '2020-05-02 03:26:07');
INSERT INTO `replies` VALUES (339, 87, 1, 'Voluptas natus animi qui magni nihil.', '2020-05-16 04:03:30', '2020-05-16 04:03:30');
INSERT INTO `replies` VALUES (340, 86, 4, 'Cum molestiae assumenda et sint.', '2020-04-28 11:38:44', '2020-04-28 11:38:44');
INSERT INTO `replies` VALUES (341, 51, 2, 'Quos esse quos officiis excepturi perferendis eius.', '2020-04-29 14:58:25', '2020-04-29 14:58:25');
INSERT INTO `replies` VALUES (342, 83, 9, 'Quis dolores atque ut tempore ea.', '2020-05-15 11:58:18', '2020-05-15 11:58:18');
INSERT INTO `replies` VALUES (343, 61, 4, 'Laborum nihil voluptatem ut incidunt.', '2020-05-09 17:18:21', '2020-05-09 17:18:21');
INSERT INTO `replies` VALUES (344, 49, 8, 'Eos et qui nobis et at.', '2020-05-09 09:06:45', '2020-05-09 09:06:45');
INSERT INTO `replies` VALUES (345, 3, 4, 'Quos aut necessitatibus id.', '2020-05-11 12:01:29', '2020-05-11 12:01:29');
INSERT INTO `replies` VALUES (346, 62, 4, 'Sed sequi sed est delectus adipisci hic.', '2020-05-06 05:53:02', '2020-05-06 05:53:02');
INSERT INTO `replies` VALUES (347, 94, 8, 'Omnis voluptates sed ut et eos.', '2020-04-23 18:17:42', '2020-04-23 18:17:42');
INSERT INTO `replies` VALUES (348, 89, 10, 'Voluptatum vero sed deserunt.', '2020-04-24 03:57:59', '2020-04-24 03:57:59');
INSERT INTO `replies` VALUES (349, 66, 8, 'Impedit pariatur blanditiis cumque eum voluptates nisi.', '2020-05-07 15:59:21', '2020-05-07 15:59:21');
INSERT INTO `replies` VALUES (350, 48, 9, 'Quos rerum quibusdam voluptatem tempore.', '2020-05-11 02:40:21', '2020-05-11 02:40:21');
INSERT INTO `replies` VALUES (351, 44, 8, 'Ad architecto sit omnis numquam et sunt aut.', '2020-05-03 01:56:39', '2020-05-03 01:56:39');
INSERT INTO `replies` VALUES (352, 38, 9, 'Dolor commodi ducimus officia.', '2020-05-17 07:06:13', '2020-05-17 07:06:13');
INSERT INTO `replies` VALUES (353, 8, 7, 'Veritatis quas eligendi adipisci et laboriosam asperiores.', '2020-04-27 06:35:35', '2020-04-27 06:35:35');
INSERT INTO `replies` VALUES (354, 24, 10, 'Dolore et consectetur ut quis enim quo.', '2020-05-10 15:30:23', '2020-05-10 15:30:23');
INSERT INTO `replies` VALUES (355, 63, 2, 'Inventore nobis enim asperiores consectetur consequatur commodi.', '2020-05-21 06:17:31', '2020-05-21 06:17:31');
INSERT INTO `replies` VALUES (356, 84, 9, 'Inventore at quasi asperiores autem et a et consequatur.', '2020-05-08 17:56:20', '2020-05-08 17:56:20');
INSERT INTO `replies` VALUES (357, 54, 6, 'Quo sit adipisci nam necessitatibus ducimus et.', '2020-04-27 22:17:09', '2020-04-27 22:17:09');
INSERT INTO `replies` VALUES (358, 87, 5, 'Rerum quia deserunt reprehenderit repudiandae.', '2020-05-05 20:31:22', '2020-05-05 20:31:22');
INSERT INTO `replies` VALUES (359, 76, 4, 'Qui quo ratione ad beatae voluptas totam voluptatibus.', '2020-05-10 20:54:00', '2020-05-10 20:54:00');
INSERT INTO `replies` VALUES (360, 89, 5, 'Ipsa quibusdam eos aperiam voluptatem et voluptatem voluptas non.', '2020-04-27 13:47:28', '2020-04-27 13:47:28');
INSERT INTO `replies` VALUES (361, 59, 2, 'Ipsa et itaque ratione est possimus illo facilis consequuntur.', '2020-05-04 07:22:07', '2020-05-04 07:22:07');
INSERT INTO `replies` VALUES (362, 40, 10, 'Laborum praesentium nostrum consequatur quo expedita.', '2020-05-01 02:20:15', '2020-05-01 02:20:15');
INSERT INTO `replies` VALUES (363, 66, 7, 'Labore eaque voluptatibus consequatur eveniet explicabo.', '2020-05-11 04:37:47', '2020-05-11 04:37:47');
INSERT INTO `replies` VALUES (364, 17, 1, 'Molestias nisi quas omnis consequatur voluptas illo.', '2020-05-20 03:33:06', '2020-05-20 03:33:06');
INSERT INTO `replies` VALUES (365, 29, 6, 'Nihil similique provident velit eum distinctio excepturi ut.', '2020-05-15 16:41:01', '2020-05-15 16:41:01');
INSERT INTO `replies` VALUES (366, 80, 3, 'Dignissimos ab quia fugiat tenetur maiores ipsam voluptatibus.', '2020-04-22 20:53:17', '2020-04-22 20:53:17');
INSERT INTO `replies` VALUES (367, 91, 1, 'Eum debitis ipsa hic autem modi error.', '2020-05-19 15:22:15', '2020-05-19 15:22:15');
INSERT INTO `replies` VALUES (368, 40, 3, 'Dignissimos ex et laboriosam voluptatem.', '2020-05-15 09:23:57', '2020-05-15 09:23:57');
INSERT INTO `replies` VALUES (369, 23, 1, 'Sequi odio voluptas quia molestias labore.', '2020-04-27 09:39:42', '2020-04-27 09:39:42');
INSERT INTO `replies` VALUES (370, 30, 5, 'Consequuntur ratione recusandae perspiciatis voluptatem corrupti adipisci ea.', '2020-05-21 01:51:06', '2020-05-21 01:51:06');
INSERT INTO `replies` VALUES (371, 92, 9, 'Qui modi illum nulla similique expedita quidem iste doloribus.', '2020-05-20 14:52:20', '2020-05-20 14:52:20');
INSERT INTO `replies` VALUES (372, 90, 3, 'Reprehenderit tempore aliquid dolore commodi.', '2020-05-09 09:15:24', '2020-05-09 09:15:24');
INSERT INTO `replies` VALUES (373, 37, 3, 'Quod et sapiente placeat voluptatibus voluptate.', '2020-04-24 22:50:08', '2020-04-24 22:50:08');
INSERT INTO `replies` VALUES (374, 47, 2, 'Reiciendis porro eligendi et aperiam odit.', '2020-05-10 18:53:39', '2020-05-10 18:53:39');
INSERT INTO `replies` VALUES (375, 62, 10, 'Illo dolore possimus nesciunt est ipsum quo sed ipsum.', '2020-05-13 07:48:05', '2020-05-13 07:48:05');
INSERT INTO `replies` VALUES (376, 21, 4, 'Suscipit iure deleniti tempora quae sit.', '2020-05-20 09:58:28', '2020-05-20 09:58:28');
INSERT INTO `replies` VALUES (377, 31, 7, 'Debitis ipsum provident magni facilis.', '2020-05-06 12:50:03', '2020-05-06 12:50:03');
INSERT INTO `replies` VALUES (378, 65, 6, 'Voluptas molestiae veniam commodi et ut.', '2020-04-26 04:09:25', '2020-04-26 04:09:25');
INSERT INTO `replies` VALUES (379, 34, 5, 'Maiores soluta quis quos.', '2020-05-05 13:50:41', '2020-05-05 13:50:41');
INSERT INTO `replies` VALUES (380, 74, 3, 'Sint provident aut exercitationem et deserunt voluptatem.', '2020-04-28 07:28:12', '2020-04-28 07:28:12');
INSERT INTO `replies` VALUES (381, 86, 4, 'Repudiandae unde dolores excepturi.', '2020-04-29 19:51:18', '2020-04-29 19:51:18');
INSERT INTO `replies` VALUES (382, 96, 1, 'Eos minus optio ipsum eum accusamus iste.', '2020-04-27 18:29:41', '2020-04-27 18:29:41');
INSERT INTO `replies` VALUES (383, 36, 1, 'Et eius et consequatur numquam incidunt.', '2020-04-23 22:28:05', '2020-04-23 22:28:05');
INSERT INTO `replies` VALUES (384, 4, 6, 'Modi eligendi nam at quia.', '2020-04-22 15:17:32', '2020-04-22 15:17:32');
INSERT INTO `replies` VALUES (385, 55, 9, 'Voluptas odit est eum ut qui velit nostrum.', '2020-05-07 19:40:41', '2020-05-07 19:40:41');
INSERT INTO `replies` VALUES (386, 28, 8, 'Fuga eius sed possimus velit saepe voluptatem provident.', '2020-05-10 01:18:54', '2020-05-10 01:18:54');
INSERT INTO `replies` VALUES (387, 48, 2, 'Dignissimos quae deleniti non.', '2020-04-24 10:25:00', '2020-04-24 10:25:00');
INSERT INTO `replies` VALUES (388, 86, 9, 'Vel aut dolores totam qui qui sit.', '2020-04-29 15:44:11', '2020-04-29 15:44:11');
INSERT INTO `replies` VALUES (389, 64, 3, 'Voluptas repudiandae optio aut voluptas quibusdam.', '2020-04-28 23:58:17', '2020-04-28 23:58:17');
INSERT INTO `replies` VALUES (390, 85, 1, 'Explicabo recusandae similique quia libero nulla necessitatibus.', '2020-05-10 20:22:05', '2020-05-10 20:22:05');
INSERT INTO `replies` VALUES (391, 31, 10, 'Natus provident et et cumque asperiores ut.', '2020-05-05 23:42:15', '2020-05-05 23:42:15');
INSERT INTO `replies` VALUES (392, 13, 4, 'Fugit et ut impedit numquam et qui.', '2020-05-06 16:29:26', '2020-05-06 16:29:26');
INSERT INTO `replies` VALUES (393, 95, 3, 'Facere autem modi quas et debitis fugiat doloribus.', '2020-05-07 18:37:04', '2020-05-07 18:37:04');
INSERT INTO `replies` VALUES (394, 81, 2, 'Sunt et excepturi nulla mollitia.', '2020-05-19 07:05:56', '2020-05-19 07:05:56');
INSERT INTO `replies` VALUES (395, 54, 9, 'Eaque adipisci eveniet nulla natus.', '2020-05-02 08:42:34', '2020-05-02 08:42:34');
INSERT INTO `replies` VALUES (396, 75, 3, 'Aut quo laudantium ut sit tenetur in.', '2020-04-23 05:38:05', '2020-04-23 05:38:05');
INSERT INTO `replies` VALUES (397, 76, 9, 'Sint eos quibusdam cupiditate.', '2020-05-22 06:47:08', '2020-05-22 06:47:08');
INSERT INTO `replies` VALUES (398, 69, 9, 'Qui asperiores non eligendi.', '2020-05-06 12:44:18', '2020-05-06 12:44:18');
INSERT INTO `replies` VALUES (399, 76, 5, 'Voluptas aut et nulla neque voluptas repellendus enim assumenda.', '2020-04-28 04:27:52', '2020-04-28 04:27:52');
INSERT INTO `replies` VALUES (400, 60, 10, 'Impedit porro reprehenderit quia itaque magni nesciunt.', '2020-04-27 23:08:31', '2020-04-27 23:08:31');
INSERT INTO `replies` VALUES (401, 33, 1, 'Culpa voluptate deleniti aut optio quia non nesciunt.', '2020-05-04 05:09:10', '2020-05-04 05:09:10');
INSERT INTO `replies` VALUES (402, 21, 6, 'Et quo exercitationem dolor vel corporis.', '2020-05-03 19:44:53', '2020-05-03 19:44:53');
INSERT INTO `replies` VALUES (403, 63, 9, 'Autem voluptate earum esse.', '2020-05-15 11:10:00', '2020-05-15 11:10:00');
INSERT INTO `replies` VALUES (404, 65, 5, 'Odio laudantium eveniet consequatur eaque aperiam in odit reprehenderit.', '2020-05-13 18:21:42', '2020-05-13 18:21:42');
INSERT INTO `replies` VALUES (405, 13, 3, 'Alias incidunt facere dignissimos ratione dicta vel eveniet.', '2020-05-11 16:06:48', '2020-05-11 16:06:48');
INSERT INTO `replies` VALUES (406, 98, 5, 'Necessitatibus molestiae amet excepturi dolorem.', '2020-04-23 23:05:40', '2020-04-23 23:05:40');
INSERT INTO `replies` VALUES (407, 37, 4, 'Explicabo unde corrupti architecto.', '2020-04-23 04:04:34', '2020-04-23 04:04:34');
INSERT INTO `replies` VALUES (408, 1, 6, 'Minima et consequatur eligendi itaque odit.', '2020-05-01 21:14:39', '2020-05-01 21:14:39');
INSERT INTO `replies` VALUES (409, 46, 3, 'Et suscipit beatae earum nobis.', '2020-05-13 05:43:44', '2020-05-13 05:43:44');
INSERT INTO `replies` VALUES (410, 6, 6, 'Quis dolorem temporibus voluptatem.', '2020-04-28 09:56:07', '2020-04-28 09:56:07');
INSERT INTO `replies` VALUES (411, 53, 4, 'Inventore omnis ut eaque qui rerum ipsa totam molestiae.', '2020-05-13 15:26:11', '2020-05-13 15:26:11');
INSERT INTO `replies` VALUES (412, 26, 10, 'Omnis ducimus deserunt ab id velit aliquam eos.', '2020-05-11 13:59:35', '2020-05-11 13:59:35');
INSERT INTO `replies` VALUES (413, 79, 8, 'Quis quibusdam totam fuga ea iure esse velit.', '2020-05-21 19:55:15', '2020-05-21 19:55:15');
INSERT INTO `replies` VALUES (414, 11, 6, 'Velit sint vel culpa eligendi.', '2020-05-14 12:40:09', '2020-05-14 12:40:09');
INSERT INTO `replies` VALUES (415, 45, 2, 'Qui vel ut sapiente veniam cum vel voluptatem dolor.', '2020-05-22 14:12:43', '2020-05-22 14:12:43');
INSERT INTO `replies` VALUES (416, 27, 8, 'Aut id ut aut fugit.', '2020-04-25 20:30:57', '2020-04-25 20:30:57');
INSERT INTO `replies` VALUES (417, 49, 2, 'Eum nihil a at perferendis sed.', '2020-04-25 00:26:14', '2020-04-25 00:26:14');
INSERT INTO `replies` VALUES (418, 83, 7, 'Ratione modi repellendus eligendi et suscipit.', '2020-05-16 08:32:03', '2020-05-16 08:32:03');
INSERT INTO `replies` VALUES (419, 24, 9, 'Sit cupiditate magni occaecati iusto dolor tempora eum ea.', '2020-05-10 03:57:28', '2020-05-10 03:57:28');
INSERT INTO `replies` VALUES (420, 32, 4, 'Ut consequatur quam minima officiis.', '2020-05-18 13:09:47', '2020-05-18 13:09:47');
INSERT INTO `replies` VALUES (421, 11, 7, 'Et vitae sint accusamus iste corporis vero repellat eum.', '2020-05-03 19:41:10', '2020-05-03 19:41:10');
INSERT INTO `replies` VALUES (422, 10, 9, 'Deleniti ut impedit dolorem voluptatibus.', '2020-05-18 07:48:33', '2020-05-18 07:48:33');
INSERT INTO `replies` VALUES (423, 67, 2, 'Repellat itaque assumenda animi eligendi rerum.', '2020-05-16 04:16:04', '2020-05-16 04:16:04');
INSERT INTO `replies` VALUES (424, 13, 6, 'In qui voluptas at et molestiae quo.', '2020-05-10 19:26:48', '2020-05-10 19:26:48');
INSERT INTO `replies` VALUES (425, 81, 4, 'Nulla dolores rem eos necessitatibus.', '2020-05-03 19:48:57', '2020-05-03 19:48:57');
INSERT INTO `replies` VALUES (426, 90, 4, 'Omnis et blanditiis qui.', '2020-05-15 16:58:43', '2020-05-15 16:58:43');
INSERT INTO `replies` VALUES (427, 3, 1, 'Delectus enim veniam quam minima.', '2020-05-10 10:36:59', '2020-05-10 10:36:59');
INSERT INTO `replies` VALUES (428, 13, 10, 'Saepe est facilis voluptas vel quidem.', '2020-05-22 10:24:57', '2020-05-22 10:24:57');
INSERT INTO `replies` VALUES (429, 57, 7, 'Eius dignissimos ducimus sed in alias.', '2020-05-18 03:59:42', '2020-05-18 03:59:42');
INSERT INTO `replies` VALUES (430, 77, 1, 'In et earum temporibus qui totam qui.', '2020-04-29 18:11:07', '2020-04-29 18:11:07');
INSERT INTO `replies` VALUES (431, 73, 8, 'Explicabo et dicta nisi tempore quos ullam nihil.', '2020-05-17 18:47:52', '2020-05-17 18:47:52');
INSERT INTO `replies` VALUES (432, 72, 1, 'At quaerat ratione ratione aliquid ut officiis molestiae.', '2020-04-28 23:02:13', '2020-04-28 23:02:13');
INSERT INTO `replies` VALUES (433, 76, 1, 'Autem aut dolores velit alias ut eius cupiditate magni.', '2020-04-28 00:25:26', '2020-04-28 00:25:26');
INSERT INTO `replies` VALUES (434, 73, 8, 'Eos adipisci illo aut occaecati et vero quia.', '2020-05-22 08:01:03', '2020-05-22 08:01:03');
INSERT INTO `replies` VALUES (435, 90, 9, 'Eum mollitia totam tempora reprehenderit aut.', '2020-05-04 17:39:56', '2020-05-04 17:39:56');
INSERT INTO `replies` VALUES (436, 63, 10, 'Aliquam repellendus laboriosam fuga expedita optio dolorum et.', '2020-05-20 07:50:12', '2020-05-20 07:50:12');
INSERT INTO `replies` VALUES (437, 87, 8, 'Rerum odit et quo soluta enim doloribus sed.', '2020-05-08 18:04:52', '2020-05-08 18:04:52');
INSERT INTO `replies` VALUES (438, 12, 4, 'Est commodi nostrum necessitatibus rerum possimus cumque vero.', '2020-05-05 10:25:23', '2020-05-05 10:25:23');
INSERT INTO `replies` VALUES (439, 18, 8, 'Corporis repellendus deserunt earum debitis natus eius.', '2020-05-19 13:00:53', '2020-05-19 13:00:53');
INSERT INTO `replies` VALUES (440, 31, 8, 'Aut voluptatem dolor officiis suscipit aut fugit.', '2020-04-24 02:26:41', '2020-04-24 02:26:41');
INSERT INTO `replies` VALUES (441, 78, 4, 'Nihil ut sit sapiente neque quis.', '2020-04-23 04:26:22', '2020-04-23 04:26:22');
INSERT INTO `replies` VALUES (442, 93, 8, 'Sit aut porro quo asperiores explicabo cumque.', '2020-05-20 07:27:22', '2020-05-20 07:27:22');
INSERT INTO `replies` VALUES (443, 65, 6, 'Et culpa iusto inventore voluptatibus suscipit id eos.', '2020-04-28 18:31:56', '2020-04-28 18:31:56');
INSERT INTO `replies` VALUES (444, 77, 3, 'Quia nulla ut nihil cum cupiditate.', '2020-05-01 14:17:02', '2020-05-01 14:17:02');
INSERT INTO `replies` VALUES (445, 1, 1, 'Temporibus aut praesentium error assumenda laborum voluptatem.', '2020-04-28 15:26:38', '2020-04-28 15:26:38');
INSERT INTO `replies` VALUES (446, 63, 8, 'Repudiandae nulla nam mollitia consequatur.', '2020-05-17 10:47:14', '2020-05-17 10:47:14');
INSERT INTO `replies` VALUES (447, 41, 2, 'Doloremque quia consequatur corrupti eum dolore.', '2020-05-01 13:45:04', '2020-05-01 13:45:04');
INSERT INTO `replies` VALUES (448, 53, 1, 'Voluptatibus dicta dolor sint consequatur laudantium.', '2020-04-27 15:59:32', '2020-04-27 15:59:32');
INSERT INTO `replies` VALUES (449, 43, 5, 'Culpa voluptas rerum quia ab quas sit quidem dolorem.', '2020-04-28 22:21:53', '2020-04-28 22:21:53');
INSERT INTO `replies` VALUES (450, 24, 8, 'Magnam saepe possimus sunt animi enim.', '2020-05-08 13:47:40', '2020-05-08 13:47:40');
INSERT INTO `replies` VALUES (451, 67, 3, 'Facilis quis veniam dolorem laboriosam assumenda.', '2020-05-21 15:24:38', '2020-05-21 15:24:38');
INSERT INTO `replies` VALUES (452, 87, 4, 'Minus necessitatibus voluptas voluptatem nesciunt nemo aut nemo.', '2020-05-12 13:47:42', '2020-05-12 13:47:42');
INSERT INTO `replies` VALUES (453, 7, 8, 'In qui perferendis fugit qui soluta porro.', '2020-05-04 05:04:48', '2020-05-04 05:04:48');
INSERT INTO `replies` VALUES (454, 66, 7, 'Sequi quis cum quia dignissimos.', '2020-04-24 02:31:00', '2020-04-24 02:31:00');
INSERT INTO `replies` VALUES (455, 44, 7, 'Molestiae ex soluta qui ipsa iusto.', '2020-04-30 19:11:15', '2020-04-30 19:11:15');
INSERT INTO `replies` VALUES (456, 28, 2, 'Voluptatem molestiae fuga nam at modi porro voluptatem.', '2020-05-19 23:48:36', '2020-05-19 23:48:36');
INSERT INTO `replies` VALUES (457, 69, 5, 'Quo iste quis a eos aut et.', '2020-05-20 06:50:23', '2020-05-20 06:50:23');
INSERT INTO `replies` VALUES (458, 22, 8, 'Exercitationem reiciendis ut autem natus molestiae.', '2020-04-24 07:23:28', '2020-04-24 07:23:28');
INSERT INTO `replies` VALUES (459, 24, 6, 'Earum rem debitis quidem incidunt consequatur.', '2020-05-14 14:33:51', '2020-05-14 14:33:51');
INSERT INTO `replies` VALUES (460, 14, 8, 'Ut quis aperiam beatae dolor.', '2020-05-18 03:24:14', '2020-05-18 03:24:14');
INSERT INTO `replies` VALUES (461, 85, 4, 'Repellat blanditiis laudantium dolor officia odio perspiciatis.', '2020-05-12 06:31:14', '2020-05-12 06:31:14');
INSERT INTO `replies` VALUES (462, 10, 9, 'Sint est voluptatum ratione deserunt quos illum.', '2020-05-14 02:40:36', '2020-05-14 02:40:36');
INSERT INTO `replies` VALUES (463, 35, 6, 'Sequi eos excepturi voluptatem id cupiditate non.', '2020-05-06 01:58:40', '2020-05-06 01:58:40');
INSERT INTO `replies` VALUES (464, 75, 3, 'Saepe dolor maxime fugit exercitationem quia illo.', '2020-05-11 09:02:43', '2020-05-11 09:02:43');
INSERT INTO `replies` VALUES (465, 56, 10, 'Qui porro et rerum consequatur sunt qui.', '2020-05-09 10:13:05', '2020-05-09 10:13:05');
INSERT INTO `replies` VALUES (466, 67, 6, 'Minus unde tempore aut qui ut.', '2020-05-20 20:51:45', '2020-05-20 20:51:45');
INSERT INTO `replies` VALUES (467, 14, 6, 'Cumque veniam at sint doloremque similique saepe.', '2020-05-09 10:11:29', '2020-05-09 10:11:29');
INSERT INTO `replies` VALUES (468, 22, 3, 'Dolor qui qui nobis ad voluptas quidem quasi.', '2020-05-17 00:30:02', '2020-05-17 00:30:02');
INSERT INTO `replies` VALUES (469, 4, 7, 'Dolores molestias doloremque natus.', '2020-04-30 01:06:05', '2020-04-30 01:06:05');
INSERT INTO `replies` VALUES (470, 76, 7, 'Pariatur dolores id aut similique quidem asperiores nihil qui.', '2020-05-10 11:06:36', '2020-05-10 11:06:36');
INSERT INTO `replies` VALUES (471, 72, 10, 'In non iusto et eos.', '2020-05-10 07:49:03', '2020-05-10 07:49:03');
INSERT INTO `replies` VALUES (472, 86, 7, 'Maiores atque modi ex dolores.', '2020-05-21 21:53:22', '2020-05-21 21:53:22');
INSERT INTO `replies` VALUES (473, 81, 3, 'Sequi aut totam distinctio voluptas nesciunt.', '2020-05-09 19:46:32', '2020-05-09 19:46:32');
INSERT INTO `replies` VALUES (474, 56, 9, 'Deserunt commodi earum aliquam et.', '2020-05-14 17:41:31', '2020-05-14 17:41:31');
INSERT INTO `replies` VALUES (475, 33, 8, 'Sit possimus quaerat ipsum aperiam eos reprehenderit asperiores earum.', '2020-05-01 21:14:54', '2020-05-01 21:14:54');
INSERT INTO `replies` VALUES (476, 14, 10, 'A magnam sed sunt dolor rerum.', '2020-05-01 21:14:45', '2020-05-01 21:14:45');
INSERT INTO `replies` VALUES (477, 30, 7, 'Molestiae perspiciatis velit minima.', '2020-05-15 12:57:25', '2020-05-15 12:57:25');
INSERT INTO `replies` VALUES (478, 57, 10, 'Doloribus debitis aperiam ut quia illum facilis iste.', '2020-05-20 06:43:35', '2020-05-20 06:43:35');
INSERT INTO `replies` VALUES (479, 24, 9, 'Qui non voluptas ratione.', '2020-05-17 05:45:55', '2020-05-17 05:45:55');
INSERT INTO `replies` VALUES (480, 73, 9, 'Esse quam iusto ex placeat sed officia est.', '2020-04-26 11:44:57', '2020-04-26 11:44:57');
INSERT INTO `replies` VALUES (481, 51, 2, 'Delectus exercitationem doloribus est nam ut non.', '2020-04-30 12:18:09', '2020-04-30 12:18:09');
INSERT INTO `replies` VALUES (482, 78, 10, 'Et sit hic sapiente et quos natus ratione.', '2020-05-20 21:28:02', '2020-05-20 21:28:02');
INSERT INTO `replies` VALUES (483, 81, 10, 'Sunt error consequatur quis.', '2020-05-06 18:36:14', '2020-05-06 18:36:14');
INSERT INTO `replies` VALUES (484, 15, 5, 'Nesciunt laboriosam itaque dicta necessitatibus et voluptatibus voluptatem.', '2020-05-09 20:51:17', '2020-05-09 20:51:17');
INSERT INTO `replies` VALUES (485, 16, 5, 'Debitis et beatae sequi repudiandae nesciunt.', '2020-05-03 20:29:24', '2020-05-03 20:29:24');
INSERT INTO `replies` VALUES (486, 79, 2, 'Amet dicta excepturi maiores.', '2020-05-12 00:59:49', '2020-05-12 00:59:49');
INSERT INTO `replies` VALUES (487, 15, 2, 'Fugiat aperiam autem ut cum.', '2020-05-10 23:49:01', '2020-05-10 23:49:01');
INSERT INTO `replies` VALUES (488, 55, 4, 'Rerum numquam quam asperiores molestiae vel quibusdam.', '2020-05-20 07:08:02', '2020-05-20 07:08:02');
INSERT INTO `replies` VALUES (489, 49, 6, 'Sit ducimus quos odio quod nobis dignissimos in.', '2020-04-25 14:00:50', '2020-04-25 14:00:50');
INSERT INTO `replies` VALUES (490, 48, 7, 'Nam aut odio ex blanditiis.', '2020-05-17 12:56:26', '2020-05-17 12:56:26');
INSERT INTO `replies` VALUES (491, 63, 3, 'Beatae maiores numquam consectetur.', '2020-04-28 08:02:20', '2020-04-28 08:02:20');
INSERT INTO `replies` VALUES (492, 64, 7, 'Non id nostrum provident iste laborum culpa distinctio.', '2020-05-20 10:08:45', '2020-05-20 10:08:45');
INSERT INTO `replies` VALUES (493, 74, 6, 'Quia architecto dolorem ad totam.', '2020-04-22 19:33:46', '2020-04-22 19:33:46');
INSERT INTO `replies` VALUES (494, 50, 10, 'Vitae accusamus culpa ullam et sed.', '2020-05-07 01:33:10', '2020-05-07 01:33:10');
INSERT INTO `replies` VALUES (495, 31, 7, 'Repellendus et tempore voluptas accusamus voluptatem quo.', '2020-05-16 23:44:34', '2020-05-16 23:44:34');
INSERT INTO `replies` VALUES (496, 99, 2, 'Porro aut repellendus ipsum nemo.', '2020-04-23 12:09:58', '2020-04-23 12:09:58');
INSERT INTO `replies` VALUES (497, 14, 1, 'In nihil doloribus ut a consequatur non.', '2020-04-29 15:30:58', '2020-04-29 15:30:58');
INSERT INTO `replies` VALUES (498, 40, 3, 'Voluptatem vero eum aut consequuntur quia.', '2020-05-15 18:53:56', '2020-05-15 18:53:56');
INSERT INTO `replies` VALUES (499, 60, 10, 'Iste fugit occaecati natus est tenetur laudantium.', '2020-04-23 10:31:21', '2020-04-23 10:31:21');
INSERT INTO `replies` VALUES (500, 2, 7, 'Fugit qui adipisci quam corrupti delectus doloribus non.', '2020-04-29 01:55:01', '2020-04-29 01:55:01');
INSERT INTO `replies` VALUES (501, 59, 5, 'Quos fuga aliquid quam cumque et rerum.', '2020-05-02 06:18:48', '2020-05-02 06:18:48');
INSERT INTO `replies` VALUES (502, 97, 8, 'Consequatur saepe qui iusto atque tempora velit exercitationem.', '2020-04-25 06:34:31', '2020-04-25 06:34:31');
INSERT INTO `replies` VALUES (503, 34, 4, 'Voluptatem aliquid fuga fuga dicta enim facere.', '2020-05-13 19:59:52', '2020-05-13 19:59:52');
INSERT INTO `replies` VALUES (504, 76, 6, 'Aliquid nesciunt facilis rerum architecto.', '2020-05-14 15:05:16', '2020-05-14 15:05:16');
INSERT INTO `replies` VALUES (505, 92, 4, 'Recusandae eaque itaque neque natus praesentium molestias.', '2020-05-06 20:59:58', '2020-05-06 20:59:58');
INSERT INTO `replies` VALUES (506, 82, 9, 'Dolore ex dolores asperiores et.', '2020-05-04 15:22:06', '2020-05-04 15:22:06');
INSERT INTO `replies` VALUES (507, 92, 7, 'Aut qui quaerat libero eius in laudantium.', '2020-04-30 03:07:08', '2020-04-30 03:07:08');
INSERT INTO `replies` VALUES (508, 99, 1, 'Eaque quis recusandae alias.', '2020-05-05 06:27:13', '2020-05-05 06:27:13');
INSERT INTO `replies` VALUES (509, 29, 7, 'In animi tempora ratione enim iusto.', '2020-04-26 03:25:33', '2020-04-26 03:25:33');
INSERT INTO `replies` VALUES (510, 29, 4, 'Dicta occaecati aliquid ut non et et.', '2020-04-29 17:02:22', '2020-04-29 17:02:22');
INSERT INTO `replies` VALUES (511, 57, 1, 'Qui aut quis rerum nihil temporibus voluptas.', '2020-05-18 05:23:37', '2020-05-18 05:23:37');
INSERT INTO `replies` VALUES (512, 5, 4, 'Ipsa nesciunt illum sequi numquam.', '2020-05-03 23:32:45', '2020-05-03 23:32:45');
INSERT INTO `replies` VALUES (513, 64, 9, 'Nihil aut repellendus fuga nisi iure ut.', '2020-05-11 10:01:58', '2020-05-11 10:01:58');
INSERT INTO `replies` VALUES (514, 37, 9, 'Accusantium sed id unde nostrum fugiat praesentium nihil dignissimos.', '2020-05-11 16:17:52', '2020-05-11 16:17:52');
INSERT INTO `replies` VALUES (515, 22, 4, 'Eos omnis veniam assumenda.', '2020-04-28 13:25:17', '2020-04-28 13:25:17');
INSERT INTO `replies` VALUES (516, 12, 3, 'Dicta nihil quaerat dolor laborum sit illum sit.', '2020-05-13 06:47:17', '2020-05-13 06:47:17');
INSERT INTO `replies` VALUES (517, 64, 7, 'Autem ea explicabo quo in.', '2020-05-21 18:06:27', '2020-05-21 18:06:27');
INSERT INTO `replies` VALUES (518, 27, 10, 'Nam dolor non corporis beatae et deserunt.', '2020-05-12 06:28:45', '2020-05-12 06:28:45');
INSERT INTO `replies` VALUES (519, 46, 1, 'Nesciunt aliquid ipsam dolorum velit et error.', '2020-05-05 15:23:39', '2020-05-05 15:23:39');
INSERT INTO `replies` VALUES (520, 30, 6, 'Ut quae dolore nihil ipsa amet eaque.', '2020-04-25 00:19:45', '2020-04-25 00:19:45');
INSERT INTO `replies` VALUES (521, 67, 7, 'Qui perspiciatis omnis cum.', '2020-05-16 19:14:46', '2020-05-16 19:14:46');
INSERT INTO `replies` VALUES (522, 88, 10, 'Accusamus quia praesentium esse laudantium sint fugit velit iusto.', '2020-05-18 14:02:59', '2020-05-18 14:02:59');
INSERT INTO `replies` VALUES (523, 70, 2, 'Et dolorum autem cum sed.', '2020-05-01 16:59:42', '2020-05-01 16:59:42');
INSERT INTO `replies` VALUES (524, 69, 9, 'Quia aut corporis repellendus consequatur nisi.', '2020-04-23 15:46:01', '2020-04-23 15:46:01');
INSERT INTO `replies` VALUES (525, 82, 10, 'Voluptatem molestiae eos consequatur perspiciatis.', '2020-04-29 14:52:47', '2020-04-29 14:52:47');
INSERT INTO `replies` VALUES (526, 10, 9, 'Dolor dolore repellendus asperiores error voluptatem id consequatur.', '2020-04-28 13:52:23', '2020-04-28 13:52:23');
INSERT INTO `replies` VALUES (527, 99, 10, 'Quos beatae molestiae fugit debitis et.', '2020-04-26 08:35:53', '2020-04-26 08:35:53');
INSERT INTO `replies` VALUES (528, 84, 9, 'Eos nulla eius dolorem quidem est veniam.', '2020-04-27 20:33:53', '2020-04-27 20:33:53');
INSERT INTO `replies` VALUES (529, 67, 5, 'Nesciunt qui in non earum.', '2020-05-03 04:22:44', '2020-05-03 04:22:44');
INSERT INTO `replies` VALUES (530, 1, 1, 'Magni commodi voluptas et sapiente.', '2020-04-30 13:45:08', '2020-04-30 13:45:08');
INSERT INTO `replies` VALUES (531, 79, 6, 'Exercitationem perferendis numquam sed dolor culpa voluptate distinctio.', '2020-04-24 01:05:49', '2020-04-24 01:05:49');
INSERT INTO `replies` VALUES (532, 75, 9, 'Sit et sapiente corrupti assumenda.', '2020-05-09 14:56:11', '2020-05-09 14:56:11');
INSERT INTO `replies` VALUES (533, 4, 2, 'Aliquid eum dolorem delectus sit molestiae.', '2020-04-22 23:49:54', '2020-04-22 23:49:54');
INSERT INTO `replies` VALUES (534, 9, 4, 'Voluptatum veniam molestiae dolorum reiciendis rerum illo.', '2020-05-09 16:19:57', '2020-05-09 16:19:57');
INSERT INTO `replies` VALUES (535, 14, 1, 'Nesciunt et qui quidem in nulla.', '2020-05-15 21:59:40', '2020-05-15 21:59:40');
INSERT INTO `replies` VALUES (536, 59, 10, 'Aut iusto dolore quo sit et nulla illum.', '2020-04-23 23:14:02', '2020-04-23 23:14:02');
INSERT INTO `replies` VALUES (537, 82, 1, 'Molestiae error dolore quibusdam nulla reiciendis vitae.', '2020-05-10 04:16:45', '2020-05-10 04:16:45');
INSERT INTO `replies` VALUES (538, 11, 3, 'Esse molestiae in eius dolorem autem eum.', '2020-05-20 01:59:40', '2020-05-20 01:59:40');
INSERT INTO `replies` VALUES (539, 46, 10, 'Sunt harum vero amet.', '2020-04-28 12:16:48', '2020-04-28 12:16:48');
INSERT INTO `replies` VALUES (540, 43, 2, 'Pariatur doloribus et voluptates qui quia consequatur qui.', '2020-05-13 08:59:55', '2020-05-13 08:59:55');
INSERT INTO `replies` VALUES (541, 87, 6, 'Vitae voluptatem tenetur qui unde eum totam.', '2020-05-19 03:38:52', '2020-05-19 03:38:52');
INSERT INTO `replies` VALUES (542, 39, 5, 'Dolorem atque distinctio voluptate similique.', '2020-04-26 02:06:11', '2020-04-26 02:06:11');
INSERT INTO `replies` VALUES (543, 52, 8, 'Et perferendis dolorem vel.', '2020-05-19 22:40:05', '2020-05-19 22:40:05');
INSERT INTO `replies` VALUES (544, 28, 6, 'Veritatis perspiciatis eos dignissimos cupiditate maxime velit rerum.', '2020-05-19 00:08:27', '2020-05-19 00:08:27');
INSERT INTO `replies` VALUES (545, 71, 4, 'Porro et qui eius ut inventore quia.', '2020-05-14 13:39:24', '2020-05-14 13:39:24');
INSERT INTO `replies` VALUES (546, 54, 10, 'Architecto aliquid quia nihil consequatur.', '2020-05-09 21:27:36', '2020-05-09 21:27:36');
INSERT INTO `replies` VALUES (547, 62, 3, 'Dignissimos ullam totam recusandae vel.', '2020-05-09 16:48:38', '2020-05-09 16:48:38');
INSERT INTO `replies` VALUES (548, 13, 8, 'Et doloremque eum impedit qui.', '2020-04-28 19:53:41', '2020-04-28 19:53:41');
INSERT INTO `replies` VALUES (549, 91, 5, 'Iusto temporibus sed nihil neque iusto culpa veritatis.', '2020-05-21 13:43:56', '2020-05-21 13:43:56');
INSERT INTO `replies` VALUES (550, 74, 5, 'Aut saepe autem animi architecto et rerum.', '2020-04-28 11:52:59', '2020-04-28 11:52:59');
INSERT INTO `replies` VALUES (551, 96, 5, 'Assumenda aut quae non enim.', '2020-05-08 17:43:48', '2020-05-08 17:43:48');
INSERT INTO `replies` VALUES (552, 54, 9, 'Aut repellat officia doloremque exercitationem.', '2020-05-16 02:20:09', '2020-05-16 02:20:09');
INSERT INTO `replies` VALUES (553, 48, 8, 'Natus doloribus quidem voluptas repellat sint voluptatem.', '2020-05-14 14:51:56', '2020-05-14 14:51:56');
INSERT INTO `replies` VALUES (554, 98, 6, 'Aperiam sint assumenda eum maiores reiciendis nostrum.', '2020-05-03 00:15:32', '2020-05-03 00:15:32');
INSERT INTO `replies` VALUES (555, 66, 4, 'Officiis rerum est tenetur aut et.', '2020-05-06 02:09:47', '2020-05-06 02:09:47');
INSERT INTO `replies` VALUES (556, 30, 9, 'Delectus fuga perferendis iure excepturi.', '2020-05-15 00:15:29', '2020-05-15 00:15:29');
INSERT INTO `replies` VALUES (557, 95, 3, 'Ut exercitationem vel ut incidunt.', '2020-05-17 05:48:44', '2020-05-17 05:48:44');
INSERT INTO `replies` VALUES (558, 37, 3, 'Facilis molestiae id unde sapiente ut eveniet voluptas.', '2020-05-10 08:21:44', '2020-05-10 08:21:44');
INSERT INTO `replies` VALUES (559, 86, 2, 'Et et consequatur atque qui deserunt.', '2020-05-02 06:07:31', '2020-05-02 06:07:31');
INSERT INTO `replies` VALUES (560, 58, 5, 'Voluptates dolorem omnis officiis ex ut quod.', '2020-05-21 22:34:18', '2020-05-21 22:34:18');
INSERT INTO `replies` VALUES (561, 65, 8, 'Quaerat atque dolor nemo nobis alias id animi.', '2020-05-14 02:33:38', '2020-05-14 02:33:38');
INSERT INTO `replies` VALUES (562, 97, 2, 'Totam omnis non qui sequi debitis laboriosam.', '2020-05-15 06:34:47', '2020-05-15 06:34:47');
INSERT INTO `replies` VALUES (563, 10, 6, 'Mollitia consequatur culpa aut aspernatur voluptate molestiae vel.', '2020-05-16 19:56:34', '2020-05-16 19:56:34');
INSERT INTO `replies` VALUES (564, 64, 7, 'Tempora libero voluptates qui velit quae.', '2020-05-15 03:37:42', '2020-05-15 03:37:42');
INSERT INTO `replies` VALUES (565, 15, 5, 'Quia aperiam esse quia.', '2020-05-15 01:34:33', '2020-05-15 01:34:33');
INSERT INTO `replies` VALUES (566, 85, 8, 'Possimus perspiciatis veniam laborum blanditiis sequi.', '2020-05-06 22:12:37', '2020-05-06 22:12:37');
INSERT INTO `replies` VALUES (567, 23, 8, 'Voluptas ipsa nam veniam neque quae dolorem.', '2020-05-21 02:19:34', '2020-05-21 02:19:34');
INSERT INTO `replies` VALUES (568, 7, 10, 'Voluptate asperiores harum quis magnam rerum at.', '2020-05-21 21:46:53', '2020-05-21 21:46:53');
INSERT INTO `replies` VALUES (569, 81, 3, 'Cum nostrum eos non quos.', '2020-04-28 19:08:47', '2020-04-28 19:08:47');
INSERT INTO `replies` VALUES (570, 13, 8, 'Expedita omnis sed fugiat eaque aut nam maxime.', '2020-04-24 01:40:27', '2020-04-24 01:40:27');
INSERT INTO `replies` VALUES (571, 86, 5, 'Eius non error omnis quaerat consectetur qui.', '2020-04-26 15:22:07', '2020-04-26 15:22:07');
INSERT INTO `replies` VALUES (572, 95, 1, 'Quia harum sunt architecto ipsum ratione incidunt voluptatem.', '2020-05-15 14:16:02', '2020-05-15 14:16:02');
INSERT INTO `replies` VALUES (573, 94, 5, 'Optio temporibus dolores accusamus totam vitae.', '2020-05-13 10:58:49', '2020-05-13 10:58:49');
INSERT INTO `replies` VALUES (574, 11, 6, 'Consequatur animi perspiciatis quo.', '2020-05-13 10:19:01', '2020-05-13 10:19:01');
INSERT INTO `replies` VALUES (575, 96, 6, 'Aliquam consectetur saepe magni officiis quos dolorum perferendis.', '2020-05-15 12:49:57', '2020-05-15 12:49:57');
INSERT INTO `replies` VALUES (576, 86, 7, 'Repellendus et quae rerum et.', '2020-05-10 05:16:07', '2020-05-10 05:16:07');
INSERT INTO `replies` VALUES (577, 74, 10, 'Sequi ad autem inventore ratione ut vel expedita.', '2020-04-29 01:06:52', '2020-04-29 01:06:52');
INSERT INTO `replies` VALUES (578, 30, 10, 'Error consequatur modi veniam quas soluta totam odio.', '2020-05-11 19:57:33', '2020-05-11 19:57:33');
INSERT INTO `replies` VALUES (579, 10, 1, 'Sed in voluptatem reprehenderit labore mollitia.', '2020-04-27 18:31:44', '2020-04-27 18:31:44');
INSERT INTO `replies` VALUES (580, 98, 8, 'Consectetur aut ex earum aut sed est.', '2020-05-17 18:05:27', '2020-05-17 18:05:27');
INSERT INTO `replies` VALUES (581, 8, 9, 'Quo nemo debitis sit.', '2020-04-29 06:03:36', '2020-04-29 06:03:36');
INSERT INTO `replies` VALUES (582, 15, 8, 'Perspiciatis maxime placeat non aut doloremque provident.', '2020-05-17 04:51:27', '2020-05-17 04:51:27');
INSERT INTO `replies` VALUES (583, 27, 4, 'Ipsa quia sed tenetur nostrum corporis eius ipsa dolorum.', '2020-05-08 07:55:37', '2020-05-08 07:55:37');
INSERT INTO `replies` VALUES (584, 43, 6, 'Consequuntur provident voluptas non in quia.', '2020-05-07 17:23:59', '2020-05-07 17:23:59');
INSERT INTO `replies` VALUES (585, 92, 10, 'Delectus sunt sunt omnis qui placeat.', '2020-05-18 04:16:43', '2020-05-18 04:16:43');
INSERT INTO `replies` VALUES (586, 51, 3, 'Expedita dolorum distinctio voluptates quidem quia.', '2020-05-03 13:17:44', '2020-05-03 13:17:44');
INSERT INTO `replies` VALUES (587, 28, 6, 'Pariatur accusantium exercitationem recusandae.', '2020-05-12 10:26:45', '2020-05-12 10:26:45');
INSERT INTO `replies` VALUES (588, 35, 3, 'Omnis enim voluptate ratione veniam accusantium iusto ipsum.', '2020-05-20 18:09:37', '2020-05-20 18:09:37');
INSERT INTO `replies` VALUES (589, 23, 8, 'Placeat non sunt molestiae eos saepe.', '2020-04-26 23:06:06', '2020-04-26 23:06:06');
INSERT INTO `replies` VALUES (590, 26, 9, 'Et nemo eum nobis totam rem temporibus et consequuntur.', '2020-04-24 23:10:20', '2020-04-24 23:10:20');
INSERT INTO `replies` VALUES (591, 19, 7, 'In assumenda non maxime est beatae.', '2020-05-22 08:44:50', '2020-05-22 08:44:50');
INSERT INTO `replies` VALUES (592, 16, 2, 'Consequatur consectetur fuga et eaque.', '2020-05-12 06:14:07', '2020-05-12 06:14:07');
INSERT INTO `replies` VALUES (593, 10, 10, 'Adipisci quo cupiditate est similique dolorem voluptates.', '2020-05-02 01:54:13', '2020-05-02 01:54:13');
INSERT INTO `replies` VALUES (594, 69, 10, 'Et est voluptas voluptatem sequi autem.', '2020-05-13 07:57:50', '2020-05-13 07:57:50');
INSERT INTO `replies` VALUES (595, 78, 4, 'Perferendis veniam tempora et beatae.', '2020-05-05 23:43:12', '2020-05-05 23:43:12');
INSERT INTO `replies` VALUES (596, 35, 7, 'Aut et amet ipsa nisi quia.', '2020-05-08 20:02:21', '2020-05-08 20:02:21');
INSERT INTO `replies` VALUES (597, 95, 1, 'Velit quia ipsa aut adipisci debitis illum maiores.', '2020-05-16 12:18:38', '2020-05-16 12:18:38');
INSERT INTO `replies` VALUES (598, 65, 10, 'Ut aut ea nulla ea qui.', '2020-04-29 10:48:15', '2020-04-29 10:48:15');
INSERT INTO `replies` VALUES (599, 89, 10, 'Et quis sit aut vero.', '2020-04-26 19:41:14', '2020-04-26 19:41:14');
INSERT INTO `replies` VALUES (600, 19, 7, 'Illum ea a ab eius.', '2020-05-20 23:52:21', '2020-05-20 23:52:21');
INSERT INTO `replies` VALUES (601, 2, 5, 'Odit tempore porro nihil pariatur qui sit deserunt.', '2020-05-18 14:04:35', '2020-05-18 14:04:35');
INSERT INTO `replies` VALUES (602, 47, 1, 'Dignissimos et quo voluptate laborum qui veritatis.', '2020-04-24 08:49:50', '2020-04-24 08:49:50');
INSERT INTO `replies` VALUES (603, 32, 6, 'Atque voluptatem quis exercitationem maxime ipsam quis ea eligendi.', '2020-05-03 17:21:28', '2020-05-03 17:21:28');
INSERT INTO `replies` VALUES (604, 7, 7, 'Occaecati voluptas velit ut consequatur.', '2020-05-18 08:57:24', '2020-05-18 08:57:24');
INSERT INTO `replies` VALUES (605, 24, 10, 'Officiis sequi et eum deserunt dicta doloribus.', '2020-04-28 20:41:19', '2020-04-28 20:41:19');
INSERT INTO `replies` VALUES (606, 49, 4, 'Hic voluptatem nobis ex earum quia numquam odio.', '2020-04-28 20:26:36', '2020-04-28 20:26:36');
INSERT INTO `replies` VALUES (607, 13, 1, 'Modi asperiores laboriosam laudantium.', '2020-05-11 06:23:09', '2020-05-11 06:23:09');
INSERT INTO `replies` VALUES (608, 59, 9, 'Dolores odit minima est.', '2020-05-04 22:08:06', '2020-05-04 22:08:06');
INSERT INTO `replies` VALUES (609, 32, 9, 'Voluptatem quidem facilis perspiciatis illo est.', '2020-05-13 19:05:11', '2020-05-13 19:05:11');
INSERT INTO `replies` VALUES (610, 59, 5, 'Est dolore molestiae delectus eos voluptas porro.', '2020-05-09 02:08:48', '2020-05-09 02:08:48');
INSERT INTO `replies` VALUES (611, 91, 8, 'Necessitatibus dolor ad eius expedita fugit aut sed.', '2020-04-23 04:37:14', '2020-04-23 04:37:14');
INSERT INTO `replies` VALUES (612, 94, 9, 'Sunt dicta quae eveniet vel error cumque deleniti.', '2020-05-03 00:09:58', '2020-05-03 00:09:58');
INSERT INTO `replies` VALUES (613, 90, 5, 'Corporis et sit hic consequatur placeat enim.', '2020-05-11 10:43:40', '2020-05-11 10:43:40');
INSERT INTO `replies` VALUES (614, 37, 8, 'Eveniet nostrum assumenda architecto rerum.', '2020-05-09 22:37:55', '2020-05-09 22:37:55');
INSERT INTO `replies` VALUES (615, 82, 6, 'Rerum dolor vel corporis et alias facilis sint.', '2020-05-13 10:23:51', '2020-05-13 10:23:51');
INSERT INTO `replies` VALUES (616, 36, 10, 'Optio dolores velit aut sint qui.', '2020-05-13 16:43:54', '2020-05-13 16:43:54');
INSERT INTO `replies` VALUES (617, 46, 10, 'Veniam esse eum veritatis quos.', '2020-04-27 19:44:31', '2020-04-27 19:44:31');
INSERT INTO `replies` VALUES (618, 71, 7, 'Nobis ea ad et numquam tempora.', '2020-05-05 23:31:51', '2020-05-05 23:31:51');
INSERT INTO `replies` VALUES (619, 13, 3, 'Corporis quisquam quo qui voluptatum quas molestiae.', '2020-05-06 01:09:32', '2020-05-06 01:09:32');
INSERT INTO `replies` VALUES (620, 38, 2, 'Recusandae voluptatem non ducimus quas deserunt ducimus voluptas.', '2020-05-19 04:21:30', '2020-05-19 04:21:30');
INSERT INTO `replies` VALUES (621, 79, 4, 'Asperiores qui rerum et praesentium.', '2020-04-26 07:14:55', '2020-04-26 07:14:55');
INSERT INTO `replies` VALUES (622, 98, 2, 'Alias ut sit vel vitae et quos aut.', '2020-05-20 12:44:35', '2020-05-20 12:44:35');
INSERT INTO `replies` VALUES (623, 74, 10, 'Quidem expedita reiciendis quia.', '2020-05-16 15:40:40', '2020-05-16 15:40:40');
INSERT INTO `replies` VALUES (624, 48, 9, 'Quam aliquid esse iusto sed rerum amet praesentium.', '2020-04-23 22:28:51', '2020-04-23 22:28:51');
INSERT INTO `replies` VALUES (625, 43, 1, 'Eum necessitatibus unde ducimus quia vel et quos in.', '2020-05-16 09:37:00', '2020-05-16 09:37:00');
INSERT INTO `replies` VALUES (626, 8, 9, 'Molestiae dolor dignissimos architecto cum facere porro.', '2020-04-28 23:27:12', '2020-04-28 23:27:12');
INSERT INTO `replies` VALUES (627, 43, 10, 'Ipsum maxime voluptatem hic corrupti expedita.', '2020-05-20 03:34:33', '2020-05-20 03:34:33');
INSERT INTO `replies` VALUES (628, 22, 5, 'Doloremque quia sint temporibus amet id sunt temporibus.', '2020-05-05 01:56:25', '2020-05-05 01:56:25');
INSERT INTO `replies` VALUES (629, 76, 6, 'Et vel voluptas et natus.', '2020-04-30 09:12:51', '2020-04-30 09:12:51');
INSERT INTO `replies` VALUES (630, 58, 4, 'Et est velit magni.', '2020-04-26 12:26:03', '2020-04-26 12:26:03');
INSERT INTO `replies` VALUES (631, 75, 4, 'Tenetur excepturi maxime mollitia ipsa dolore quis odit.', '2020-05-07 20:35:56', '2020-05-07 20:35:56');
INSERT INTO `replies` VALUES (632, 1, 2, 'Molestias molestiae saepe repellat ab.', '2020-05-10 02:54:21', '2020-05-10 02:54:21');
INSERT INTO `replies` VALUES (633, 14, 5, 'Quam nihil et ad eum omnis.', '2020-05-20 03:13:02', '2020-05-20 03:13:02');
INSERT INTO `replies` VALUES (634, 70, 9, 'Suscipit impedit velit quo inventore repudiandae.', '2020-05-04 17:11:23', '2020-05-04 17:11:23');
INSERT INTO `replies` VALUES (635, 35, 5, 'Reprehenderit omnis cumque ab sed.', '2020-04-25 15:46:58', '2020-04-25 15:46:58');
INSERT INTO `replies` VALUES (636, 40, 8, 'Est non quibusdam inventore nulla nihil.', '2020-05-19 23:49:07', '2020-05-19 23:49:07');
INSERT INTO `replies` VALUES (637, 10, 6, 'Adipisci similique recusandae alias consectetur occaecati in aperiam.', '2020-04-23 11:31:17', '2020-04-23 11:31:17');
INSERT INTO `replies` VALUES (638, 22, 8, 'At voluptatem praesentium mollitia autem dignissimos et soluta.', '2020-04-26 17:02:25', '2020-04-26 17:02:25');
INSERT INTO `replies` VALUES (639, 31, 2, 'Esse ut iusto dolores delectus.', '2020-04-30 05:39:07', '2020-04-30 05:39:07');
INSERT INTO `replies` VALUES (640, 38, 7, 'At hic error consequatur adipisci modi quasi unde.', '2020-05-03 08:49:00', '2020-05-03 08:49:00');
INSERT INTO `replies` VALUES (641, 78, 2, 'Dolore libero atque deleniti minus.', '2020-05-11 00:03:02', '2020-05-11 00:03:02');
INSERT INTO `replies` VALUES (642, 42, 1, 'Nam accusamus iure sit voluptatibus sit eos.', '2020-04-24 23:26:54', '2020-04-24 23:26:54');
INSERT INTO `replies` VALUES (643, 93, 9, 'Dolore inventore molestiae minus minus ipsa et.', '2020-04-24 20:00:53', '2020-04-24 20:00:53');
INSERT INTO `replies` VALUES (644, 70, 2, 'Perferendis enim dolor laboriosam voluptatem.', '2020-05-09 06:34:15', '2020-05-09 06:34:15');
INSERT INTO `replies` VALUES (645, 42, 6, 'Id ad quasi asperiores accusamus.', '2020-05-08 12:36:07', '2020-05-08 12:36:07');
INSERT INTO `replies` VALUES (646, 35, 7, 'Error maxime voluptas ea accusantium illum distinctio.', '2020-05-18 10:58:55', '2020-05-18 10:58:55');
INSERT INTO `replies` VALUES (647, 4, 1, 'Nemo eligendi et possimus distinctio.', '2020-05-12 17:14:46', '2020-05-12 17:14:46');
INSERT INTO `replies` VALUES (648, 35, 4, 'Corrupti quis impedit consequatur natus nesciunt.', '2020-05-17 19:22:40', '2020-05-17 19:22:40');
INSERT INTO `replies` VALUES (649, 92, 3, 'Minima sint ut autem corporis.', '2020-04-25 22:31:14', '2020-04-25 22:31:14');
INSERT INTO `replies` VALUES (650, 100, 2, 'Voluptatem eaque qui sunt rerum.', '2020-04-23 07:19:01', '2020-04-23 07:19:01');
INSERT INTO `replies` VALUES (651, 55, 3, 'Dicta voluptate provident et alias nisi laborum.', '2020-05-16 13:10:15', '2020-05-16 13:10:15');
INSERT INTO `replies` VALUES (652, 7, 5, 'Facilis et molestiae qui ut.', '2020-04-28 04:09:41', '2020-04-28 04:09:41');
INSERT INTO `replies` VALUES (653, 58, 6, 'Amet voluptatem minima delectus sunt voluptatem eos occaecati.', '2020-05-20 18:27:43', '2020-05-20 18:27:43');
INSERT INTO `replies` VALUES (654, 46, 6, 'Consequuntur omnis mollitia distinctio repudiandae voluptatem a neque quisquam.', '2020-05-22 09:15:13', '2020-05-22 09:15:13');
INSERT INTO `replies` VALUES (655, 48, 2, 'Voluptas sit similique ea.', '2020-05-11 12:11:33', '2020-05-11 12:11:33');
INSERT INTO `replies` VALUES (656, 83, 8, 'Est et et commodi saepe repellat minima dolores.', '2020-04-28 02:38:21', '2020-04-28 02:38:21');
INSERT INTO `replies` VALUES (657, 44, 10, 'Fuga aspernatur commodi quod et quos consequatur.', '2020-05-08 08:33:07', '2020-05-08 08:33:07');
INSERT INTO `replies` VALUES (658, 47, 10, 'Eius dolorem beatae fugit perspiciatis voluptatem tempora.', '2020-05-18 02:32:40', '2020-05-18 02:32:40');
INSERT INTO `replies` VALUES (659, 74, 2, 'Distinctio ex tempora ex in quis dolorum aliquid.', '2020-05-04 04:46:10', '2020-05-04 04:46:10');
INSERT INTO `replies` VALUES (660, 70, 9, 'Velit est sequi magni eligendi adipisci harum quia.', '2020-04-23 12:13:32', '2020-04-23 12:13:32');
INSERT INTO `replies` VALUES (661, 55, 7, 'Reiciendis consequatur et nam omnis voluptas aut.', '2020-05-11 09:36:02', '2020-05-11 09:36:02');
INSERT INTO `replies` VALUES (662, 69, 8, 'Ab eveniet praesentium quidem.', '2020-05-15 04:32:56', '2020-05-15 04:32:56');
INSERT INTO `replies` VALUES (663, 35, 7, 'Sed doloribus accusamus beatae qui impedit aspernatur atque.', '2020-05-05 05:36:56', '2020-05-05 05:36:56');
INSERT INTO `replies` VALUES (664, 21, 1, 'Corporis porro facilis voluptas est omnis.', '2020-04-30 05:52:46', '2020-04-30 05:52:46');
INSERT INTO `replies` VALUES (665, 42, 4, 'Qui quam aut reprehenderit modi iure beatae.', '2020-05-17 13:28:07', '2020-05-17 13:28:07');
INSERT INTO `replies` VALUES (666, 91, 1, 'Aut consequatur maiores a qui similique autem.', '2020-05-21 00:14:35', '2020-05-21 00:14:35');
INSERT INTO `replies` VALUES (667, 7, 3, 'Nostrum ut rem vel recusandae illum.', '2020-04-30 01:10:59', '2020-04-30 01:10:59');
INSERT INTO `replies` VALUES (668, 91, 3, 'Harum sit excepturi dignissimos sit ut rerum.', '2020-05-13 04:33:50', '2020-05-13 04:33:50');
INSERT INTO `replies` VALUES (669, 54, 10, 'Et commodi dolores similique quia dignissimos quo perspiciatis.', '2020-04-23 00:43:56', '2020-04-23 00:43:56');
INSERT INTO `replies` VALUES (670, 74, 10, 'Deserunt et repudiandae minima officia eos.', '2020-05-16 22:26:51', '2020-05-16 22:26:51');
INSERT INTO `replies` VALUES (671, 27, 4, 'A pariatur possimus sed dolores.', '2020-05-10 02:57:37', '2020-05-10 02:57:37');
INSERT INTO `replies` VALUES (672, 18, 3, 'Tempora quo eveniet expedita molestias aut doloremque nostrum.', '2020-05-03 16:08:38', '2020-05-03 16:08:38');
INSERT INTO `replies` VALUES (673, 44, 5, 'Provident accusantium perspiciatis explicabo et aperiam.', '2020-05-17 02:20:53', '2020-05-17 02:20:53');
INSERT INTO `replies` VALUES (674, 58, 10, 'Ab ab qui quis excepturi laboriosam mollitia ducimus repellendus.', '2020-05-12 20:06:54', '2020-05-12 20:06:54');
INSERT INTO `replies` VALUES (675, 49, 2, 'Vel tempore ut qui ea ut eos esse et.', '2020-05-01 19:23:48', '2020-05-01 19:23:48');
INSERT INTO `replies` VALUES (676, 73, 8, 'Ut eaque at consequatur.', '2020-05-21 07:16:34', '2020-05-21 07:16:34');
INSERT INTO `replies` VALUES (677, 85, 2, 'Deserunt deleniti maxime enim tenetur sit voluptatibus.', '2020-05-01 03:48:23', '2020-05-01 03:48:23');
INSERT INTO `replies` VALUES (678, 80, 8, 'Quasi qui rem voluptatum aut.', '2020-05-07 01:32:48', '2020-05-07 01:32:48');
INSERT INTO `replies` VALUES (679, 81, 4, 'Veritatis aliquam non iste fugiat est alias nihil.', '2020-05-12 06:00:56', '2020-05-12 06:00:56');
INSERT INTO `replies` VALUES (680, 81, 1, 'Deserunt quam soluta illo.', '2020-05-06 07:15:52', '2020-05-06 07:15:52');
INSERT INTO `replies` VALUES (681, 27, 10, 'Voluptas quas tempore quod nam ratione.', '2020-05-05 03:50:24', '2020-05-05 03:50:24');
INSERT INTO `replies` VALUES (682, 85, 3, 'Rerum non doloremque repellat ducimus quam natus et.', '2020-05-06 11:59:41', '2020-05-06 11:59:41');
INSERT INTO `replies` VALUES (683, 99, 6, 'Aut cupiditate neque et molestiae non amet enim.', '2020-05-05 09:37:28', '2020-05-05 09:37:28');
INSERT INTO `replies` VALUES (684, 39, 10, 'Earum dolorem blanditiis recusandae laborum et in.', '2020-05-04 02:14:53', '2020-05-04 02:14:53');
INSERT INTO `replies` VALUES (685, 9, 3, 'Quidem ut inventore ut asperiores quam sit.', '2020-05-20 12:53:02', '2020-05-20 12:53:02');
INSERT INTO `replies` VALUES (686, 57, 6, 'Nostrum est cumque aliquam possimus velit veniam.', '2020-05-20 08:19:53', '2020-05-20 08:19:53');
INSERT INTO `replies` VALUES (687, 66, 6, 'Excepturi velit ea similique qui eveniet voluptatem velit.', '2020-05-04 11:20:59', '2020-05-04 11:20:59');
INSERT INTO `replies` VALUES (688, 32, 7, 'Quod incidunt ut aut.', '2020-04-24 15:34:03', '2020-04-24 15:34:03');
INSERT INTO `replies` VALUES (689, 86, 4, 'Mollitia quia voluptas id vitae sit voluptatibus maiores.', '2020-05-03 20:40:06', '2020-05-03 20:40:06');
INSERT INTO `replies` VALUES (690, 79, 10, 'Et occaecati ullam architecto iusto.', '2020-05-20 01:53:35', '2020-05-20 01:53:35');
INSERT INTO `replies` VALUES (691, 94, 4, 'Debitis ipsa fuga et sequi.', '2020-05-06 22:17:27', '2020-05-06 22:17:27');
INSERT INTO `replies` VALUES (692, 68, 8, 'Laudantium quod rerum et harum nihil beatae doloremque.', '2020-05-14 19:55:41', '2020-05-14 19:55:41');
INSERT INTO `replies` VALUES (693, 62, 2, 'Eum officiis perferendis nihil doloremque modi repudiandae deleniti.', '2020-05-08 11:21:05', '2020-05-08 11:21:05');
INSERT INTO `replies` VALUES (694, 30, 2, 'Non reprehenderit officia et commodi harum.', '2020-05-17 21:07:18', '2020-05-17 21:07:18');
INSERT INTO `replies` VALUES (695, 5, 2, 'Sed vel quia at quam dolorum vel consequuntur.', '2020-04-23 12:50:04', '2020-04-23 12:50:04');
INSERT INTO `replies` VALUES (696, 90, 1, 'Qui id quia nam reprehenderit id error quasi impedit.', '2020-05-08 02:20:00', '2020-05-08 02:20:00');
INSERT INTO `replies` VALUES (697, 3, 7, 'Eum maiores perferendis minima dolore harum.', '2020-04-27 08:11:42', '2020-04-27 08:11:42');
INSERT INTO `replies` VALUES (698, 79, 5, 'Optio at quod autem ea molestiae tenetur vero.', '2020-05-08 21:12:42', '2020-05-08 21:12:42');
INSERT INTO `replies` VALUES (699, 28, 9, 'Aliquid sequi blanditiis officiis quidem omnis earum.', '2020-05-01 16:26:03', '2020-05-01 16:26:03');
INSERT INTO `replies` VALUES (700, 97, 10, 'Ipsa repellendus aperiam nesciunt dolorem aliquid atque dicta.', '2020-05-17 14:44:40', '2020-05-17 14:44:40');
INSERT INTO `replies` VALUES (701, 18, 6, 'Nihil molestiae labore eum fugit.', '2020-05-17 00:04:07', '2020-05-17 00:04:07');
INSERT INTO `replies` VALUES (702, 35, 3, 'Sit voluptates omnis in autem veniam unde.', '2020-05-12 02:34:09', '2020-05-12 02:34:09');
INSERT INTO `replies` VALUES (703, 24, 6, 'Dolorem repellendus et odit blanditiis sit doloremque.', '2020-04-25 06:14:11', '2020-04-25 06:14:11');
INSERT INTO `replies` VALUES (704, 60, 4, 'Nihil est et ex id modi rerum.', '2020-05-18 22:36:03', '2020-05-18 22:36:03');
INSERT INTO `replies` VALUES (705, 83, 9, 'Totam eum enim reprehenderit delectus quidem.', '2020-04-30 20:39:19', '2020-04-30 20:39:19');
INSERT INTO `replies` VALUES (706, 73, 6, 'Et rerum in enim veniam explicabo.', '2020-05-17 19:58:03', '2020-05-17 19:58:03');
INSERT INTO `replies` VALUES (707, 56, 3, 'Quos est pariatur et.', '2020-04-26 11:40:09', '2020-04-26 11:40:09');
INSERT INTO `replies` VALUES (708, 60, 5, 'Repellat aperiam ea quis nisi.', '2020-05-14 06:30:58', '2020-05-14 06:30:58');
INSERT INTO `replies` VALUES (709, 32, 6, 'Voluptate deserunt consequatur sit et nam quia esse tenetur.', '2020-04-26 22:44:53', '2020-04-26 22:44:53');
INSERT INTO `replies` VALUES (710, 87, 10, 'Sit minus commodi maxime illum praesentium et.', '2020-04-23 23:31:51', '2020-04-23 23:31:51');
INSERT INTO `replies` VALUES (711, 50, 3, 'Voluptas consequatur pariatur quam architecto magnam quia id.', '2020-05-16 23:49:34', '2020-05-16 23:49:34');
INSERT INTO `replies` VALUES (712, 28, 7, 'Ducimus doloremque aut nemo maxime.', '2020-05-20 03:38:20', '2020-05-20 03:38:20');
INSERT INTO `replies` VALUES (713, 2, 9, 'Illo mollitia assumenda non sed pariatur.', '2020-05-15 19:06:31', '2020-05-15 19:06:31');
INSERT INTO `replies` VALUES (714, 45, 2, 'Aspernatur est voluptate et rerum labore quo.', '2020-05-20 19:28:56', '2020-05-20 19:28:56');
INSERT INTO `replies` VALUES (715, 74, 9, 'Et cupiditate eos facere qui.', '2020-05-17 08:12:38', '2020-05-17 08:12:38');
INSERT INTO `replies` VALUES (716, 88, 5, 'Et et illo fuga sit et.', '2020-04-26 10:11:16', '2020-04-26 10:11:16');
INSERT INTO `replies` VALUES (717, 43, 8, 'Consequatur est nisi dolor.', '2020-04-26 19:24:25', '2020-04-26 19:24:25');
INSERT INTO `replies` VALUES (718, 27, 2, 'Aut inventore rerum vero.', '2020-05-20 01:09:53', '2020-05-20 01:09:53');
INSERT INTO `replies` VALUES (719, 58, 1, 'Hic ducimus et itaque provident.', '2020-05-06 10:48:24', '2020-05-06 10:48:24');
INSERT INTO `replies` VALUES (720, 37, 9, 'Eveniet incidunt culpa architecto quo quis rerum.', '2020-04-29 11:30:04', '2020-04-29 11:30:04');
INSERT INTO `replies` VALUES (721, 77, 2, 'Quis magnam vel corrupti.', '2020-05-17 11:26:03', '2020-05-17 11:26:03');
INSERT INTO `replies` VALUES (722, 9, 8, 'Excepturi et porro aspernatur porro quibusdam.', '2020-05-11 20:26:20', '2020-05-11 20:26:20');
INSERT INTO `replies` VALUES (723, 91, 6, 'Officia dignissimos qui ducimus voluptate.', '2020-05-11 16:26:50', '2020-05-11 16:26:50');
INSERT INTO `replies` VALUES (724, 72, 7, 'Ipsum consequatur enim praesentium quas quam ut voluptate ea.', '2020-05-12 10:48:21', '2020-05-12 10:48:21');
INSERT INTO `replies` VALUES (725, 26, 5, 'Qui accusantium delectus occaecati sit.', '2020-04-28 11:07:44', '2020-04-28 11:07:44');
INSERT INTO `replies` VALUES (726, 27, 2, 'Sint sit perspiciatis aut.', '2020-04-27 11:33:06', '2020-04-27 11:33:06');
INSERT INTO `replies` VALUES (727, 6, 8, 'Eaque exercitationem maiores cum voluptatum.', '2020-04-30 12:23:08', '2020-04-30 12:23:08');
INSERT INTO `replies` VALUES (728, 42, 10, 'Non molestiae sunt eos quos quae quod rerum.', '2020-05-16 14:30:18', '2020-05-16 14:30:18');
INSERT INTO `replies` VALUES (729, 78, 3, 'Cum omnis ducimus facere autem.', '2020-04-27 18:13:51', '2020-04-27 18:13:51');
INSERT INTO `replies` VALUES (730, 98, 6, 'Porro tempora ut est soluta.', '2020-05-15 03:21:24', '2020-05-15 03:21:24');
INSERT INTO `replies` VALUES (731, 75, 4, 'Excepturi id exercitationem ut officiis.', '2020-05-18 01:29:28', '2020-05-18 01:29:28');
INSERT INTO `replies` VALUES (732, 81, 8, 'Delectus quia dolor vel tenetur sunt.', '2020-05-14 02:04:25', '2020-05-14 02:04:25');
INSERT INTO `replies` VALUES (733, 60, 10, 'Ratione voluptatem laudantium deleniti fugit perspiciatis iure odit.', '2020-05-01 22:45:58', '2020-05-01 22:45:58');
INSERT INTO `replies` VALUES (734, 54, 9, 'In vel et omnis nihil.', '2020-05-18 02:50:52', '2020-05-18 02:50:52');
INSERT INTO `replies` VALUES (735, 35, 7, 'Consequuntur illum suscipit aspernatur dolor minima pariatur dolorem ea.', '2020-05-19 18:41:27', '2020-05-19 18:41:27');
INSERT INTO `replies` VALUES (736, 78, 4, 'Qui suscipit eum quo et est est.', '2020-05-01 21:39:59', '2020-05-01 21:39:59');
INSERT INTO `replies` VALUES (737, 54, 7, 'Odit omnis quis dolores quod eum iure unde.', '2020-05-02 07:29:50', '2020-05-02 07:29:50');
INSERT INTO `replies` VALUES (738, 31, 1, 'Quo sequi fugit architecto repellat nulla corporis.', '2020-04-24 01:29:06', '2020-04-24 01:29:06');
INSERT INTO `replies` VALUES (739, 64, 2, 'Eius sequi eligendi dolorem nisi vel.', '2020-05-03 23:58:55', '2020-05-03 23:58:55');
INSERT INTO `replies` VALUES (740, 52, 4, 'Iure distinctio commodi autem voluptatum.', '2020-05-16 10:48:31', '2020-05-16 10:48:31');
INSERT INTO `replies` VALUES (741, 27, 1, 'Sit voluptates est alias facere voluptatum praesentium.', '2020-04-23 22:58:54', '2020-04-23 22:58:54');
INSERT INTO `replies` VALUES (742, 8, 1, 'Expedita fuga natus ducimus omnis et.', '2020-05-11 20:22:18', '2020-05-11 20:22:18');
INSERT INTO `replies` VALUES (743, 44, 7, 'Dolores exercitationem harum et perspiciatis aut.', '2020-05-21 16:14:06', '2020-05-21 16:14:06');
INSERT INTO `replies` VALUES (744, 23, 3, 'Beatae libero assumenda cumque dolorem temporibus.', '2020-04-30 15:25:46', '2020-04-30 15:25:46');
INSERT INTO `replies` VALUES (745, 64, 9, 'Voluptas distinctio odio ad illo occaecati.', '2020-05-18 10:04:38', '2020-05-18 10:04:38');
INSERT INTO `replies` VALUES (746, 85, 2, 'Nisi magnam ullam reprehenderit ut qui.', '2020-04-28 21:35:20', '2020-04-28 21:35:20');
INSERT INTO `replies` VALUES (747, 100, 6, 'Quo ut magni tempore et sunt.', '2020-05-12 20:23:16', '2020-05-12 20:23:16');
INSERT INTO `replies` VALUES (748, 8, 6, 'Commodi commodi necessitatibus reiciendis est fugiat.', '2020-05-10 08:31:24', '2020-05-10 08:31:24');
INSERT INTO `replies` VALUES (749, 51, 8, 'Nobis non illo distinctio consequatur.', '2020-04-24 05:59:12', '2020-04-24 05:59:12');
INSERT INTO `replies` VALUES (750, 30, 7, 'Ut veniam unde autem qui.', '2020-05-19 15:38:59', '2020-05-19 15:38:59');
INSERT INTO `replies` VALUES (751, 57, 1, 'Occaecati veritatis rerum libero maxime exercitationem.', '2020-04-28 08:52:45', '2020-04-28 08:52:45');
INSERT INTO `replies` VALUES (752, 41, 2, 'Voluptatem possimus mollitia et est non.', '2020-05-22 08:27:19', '2020-05-22 08:27:19');
INSERT INTO `replies` VALUES (753, 68, 1, 'Quae omnis nam dignissimos aut dolore qui.', '2020-04-26 16:08:38', '2020-04-26 16:08:38');
INSERT INTO `replies` VALUES (754, 8, 7, 'Et exercitationem facilis quisquam odit dicta rerum.', '2020-05-07 21:19:06', '2020-05-07 21:19:06');
INSERT INTO `replies` VALUES (755, 27, 4, 'Sunt amet rerum dicta.', '2020-05-18 02:33:40', '2020-05-18 02:33:40');
INSERT INTO `replies` VALUES (756, 15, 1, 'Iusto et ex quo et nihil qui.', '2020-05-19 15:19:49', '2020-05-19 15:19:49');
INSERT INTO `replies` VALUES (757, 35, 4, 'Quo porro et dolorem aut cumque autem.', '2020-05-05 21:54:07', '2020-05-05 21:54:07');
INSERT INTO `replies` VALUES (758, 76, 6, 'Quod dolore magni fugiat aliquam ex est molestias vero.', '2020-05-14 00:13:18', '2020-05-14 00:13:18');
INSERT INTO `replies` VALUES (759, 7, 2, 'Accusantium neque pariatur itaque ut.', '2020-05-03 17:01:17', '2020-05-03 17:01:17');
INSERT INTO `replies` VALUES (760, 88, 4, 'Sequi qui maiores eius incidunt quis eum nihil.', '2020-05-08 10:46:53', '2020-05-08 10:46:53');
INSERT INTO `replies` VALUES (761, 21, 9, 'Sed est error adipisci recusandae repellat qui explicabo esse.', '2020-05-16 16:31:48', '2020-05-16 16:31:48');
INSERT INTO `replies` VALUES (762, 17, 2, 'Aliquid voluptatem soluta consequuntur voluptas.', '2020-04-26 00:58:58', '2020-04-26 00:58:58');
INSERT INTO `replies` VALUES (763, 6, 3, 'Cumque eum quia ut.', '2020-05-15 01:20:45', '2020-05-15 01:20:45');
INSERT INTO `replies` VALUES (764, 79, 5, 'Voluptate aliquam consequatur maxime dignissimos quae ea.', '2020-04-28 22:51:48', '2020-04-28 22:51:48');
INSERT INTO `replies` VALUES (765, 46, 4, 'Dignissimos ut et a nam ut ut eligendi laboriosam.', '2020-05-04 17:19:21', '2020-05-04 17:19:21');
INSERT INTO `replies` VALUES (766, 38, 5, 'Aut aut et minima sed atque.', '2020-05-10 15:37:58', '2020-05-10 15:37:58');
INSERT INTO `replies` VALUES (767, 52, 8, 'Exercitationem enim soluta reiciendis accusamus maxime hic.', '2020-05-10 01:35:27', '2020-05-10 01:35:27');
INSERT INTO `replies` VALUES (768, 84, 7, 'Expedita est maxime doloribus minima quaerat earum minus.', '2020-04-24 01:26:14', '2020-04-24 01:26:14');
INSERT INTO `replies` VALUES (769, 61, 4, 'Sapiente repellat est expedita officia qui accusamus ea.', '2020-05-03 04:47:21', '2020-05-03 04:47:21');
INSERT INTO `replies` VALUES (770, 21, 10, 'Est alias cupiditate corporis dolores nostrum.', '2020-05-04 08:34:24', '2020-05-04 08:34:24');
INSERT INTO `replies` VALUES (771, 35, 4, 'Veritatis fuga corporis in est quibusdam provident.', '2020-05-07 17:18:28', '2020-05-07 17:18:28');
INSERT INTO `replies` VALUES (772, 99, 4, 'Eos dignissimos quisquam iste omnis repellendus tempore nisi sunt.', '2020-05-16 19:42:08', '2020-05-16 19:42:08');
INSERT INTO `replies` VALUES (773, 5, 4, 'Aut enim iste qui debitis similique at.', '2020-05-01 19:54:23', '2020-05-01 19:54:23');
INSERT INTO `replies` VALUES (774, 65, 1, 'Ex similique voluptas aut iusto aut.', '2020-05-02 04:55:59', '2020-05-02 04:55:59');
INSERT INTO `replies` VALUES (775, 19, 5, 'Distinctio blanditiis nesciunt facilis illum officiis et excepturi.', '2020-05-20 22:01:13', '2020-05-20 22:01:13');
INSERT INTO `replies` VALUES (776, 30, 6, 'Odio dignissimos rerum consequuntur autem deserunt.', '2020-05-17 23:13:21', '2020-05-17 23:13:21');
INSERT INTO `replies` VALUES (777, 54, 4, 'Fuga et rerum eos accusantium fuga.', '2020-05-07 21:09:40', '2020-05-07 21:09:40');
INSERT INTO `replies` VALUES (778, 64, 2, 'Facilis consectetur officiis aut qui maxime.', '2020-05-01 08:23:59', '2020-05-01 08:23:59');
INSERT INTO `replies` VALUES (779, 31, 1, 'Sed ab asperiores nostrum odit.', '2020-05-13 08:44:06', '2020-05-13 08:44:06');
INSERT INTO `replies` VALUES (780, 2, 3, 'Est qui magni quidem consequatur.', '2020-05-21 07:26:43', '2020-05-21 07:26:43');
INSERT INTO `replies` VALUES (781, 59, 5, 'Ab non non deleniti necessitatibus molestiae.', '2020-05-06 07:59:18', '2020-05-06 07:59:18');
INSERT INTO `replies` VALUES (782, 27, 2, 'Error sint numquam pariatur.', '2020-05-06 01:02:45', '2020-05-06 01:02:45');
INSERT INTO `replies` VALUES (783, 91, 4, 'Magni modi consequatur provident aliquam eveniet.', '2020-04-28 23:21:47', '2020-04-28 23:21:47');
INSERT INTO `replies` VALUES (784, 48, 3, 'Magnam distinctio molestias dolor omnis sit dolores.', '2020-05-07 23:53:41', '2020-05-07 23:53:41');
INSERT INTO `replies` VALUES (785, 16, 2, 'Et cum doloremque dolor vero.', '2020-04-28 17:23:31', '2020-04-28 17:23:31');
INSERT INTO `replies` VALUES (786, 81, 3, 'Temporibus sit iste voluptatem repudiandae suscipit consectetur laborum.', '2020-05-07 21:08:41', '2020-05-07 21:08:41');
INSERT INTO `replies` VALUES (787, 73, 2, 'Suscipit occaecati veniam ducimus non explicabo ut.', '2020-04-25 21:08:29', '2020-04-25 21:08:29');
INSERT INTO `replies` VALUES (788, 65, 7, 'Blanditiis voluptatem totam quisquam quo eum corrupti eius.', '2020-04-27 17:17:26', '2020-04-27 17:17:26');
INSERT INTO `replies` VALUES (789, 23, 1, 'Non ut amet nesciunt nemo amet consectetur.', '2020-05-21 11:13:02', '2020-05-21 11:13:02');
INSERT INTO `replies` VALUES (790, 23, 7, 'Eius ex et atque vero eum.', '2020-04-25 09:47:59', '2020-04-25 09:47:59');
INSERT INTO `replies` VALUES (791, 6, 4, 'Praesentium explicabo cupiditate et vero dolorem quam tempora.', '2020-05-13 14:13:09', '2020-05-13 14:13:09');
INSERT INTO `replies` VALUES (792, 44, 2, 'Cupiditate velit illum voluptas facilis.', '2020-05-13 21:26:26', '2020-05-13 21:26:26');
INSERT INTO `replies` VALUES (793, 22, 3, 'Odit in tenetur dicta illo dolorem quia consequatur.', '2020-04-29 10:53:02', '2020-04-29 10:53:02');
INSERT INTO `replies` VALUES (794, 94, 4, 'Nisi quibusdam vel nostrum dicta eaque.', '2020-05-04 11:42:40', '2020-05-04 11:42:40');
INSERT INTO `replies` VALUES (795, 10, 7, 'Veritatis perspiciatis et corporis eligendi consequuntur.', '2020-05-12 18:56:55', '2020-05-12 18:56:55');
INSERT INTO `replies` VALUES (796, 62, 4, 'Animi deserunt aut nihil eligendi.', '2020-05-09 19:49:20', '2020-05-09 19:49:20');
INSERT INTO `replies` VALUES (797, 53, 10, 'Delectus omnis et minima quae velit accusantium repellendus earum.', '2020-04-30 16:24:32', '2020-04-30 16:24:32');
INSERT INTO `replies` VALUES (798, 60, 10, 'At veniam odio quae natus ut nisi.', '2020-05-04 06:07:24', '2020-05-04 06:07:24');
INSERT INTO `replies` VALUES (799, 13, 4, 'Earum aliquid ipsa amet est.', '2020-05-18 01:41:01', '2020-05-18 01:41:01');
INSERT INTO `replies` VALUES (800, 7, 5, 'Sunt dignissimos repellat nemo modi.', '2020-05-04 11:37:42', '2020-05-04 11:37:42');
INSERT INTO `replies` VALUES (801, 89, 3, 'Tenetur qui sunt omnis commodi.', '2020-05-18 22:06:38', '2020-05-18 22:06:38');
INSERT INTO `replies` VALUES (802, 11, 8, 'Laboriosam consequuntur commodi atque omnis.', '2020-05-03 00:57:23', '2020-05-03 00:57:23');
INSERT INTO `replies` VALUES (803, 15, 4, 'Aut impedit distinctio magni placeat consectetur et itaque.', '2020-05-16 18:31:21', '2020-05-16 18:31:21');
INSERT INTO `replies` VALUES (804, 62, 10, 'Et ea esse cum nesciunt at eveniet assumenda.', '2020-05-08 09:06:00', '2020-05-08 09:06:00');
INSERT INTO `replies` VALUES (805, 94, 6, 'Reprehenderit porro eum iusto quis qui eum debitis.', '2020-05-07 19:46:08', '2020-05-07 19:46:08');
INSERT INTO `replies` VALUES (806, 99, 2, 'Numquam ad facere ex in.', '2020-05-21 07:20:56', '2020-05-21 07:20:56');
INSERT INTO `replies` VALUES (807, 99, 3, 'Ipsam iste labore nihil quo.', '2020-05-14 11:04:24', '2020-05-14 11:04:24');
INSERT INTO `replies` VALUES (808, 54, 10, 'Qui maiores doloribus explicabo minima qui dolores id.', '2020-04-26 10:41:06', '2020-04-26 10:41:06');
INSERT INTO `replies` VALUES (809, 14, 10, 'Ut repellat earum unde illo eligendi iusto.', '2020-04-26 10:22:46', '2020-04-26 10:22:46');
INSERT INTO `replies` VALUES (810, 52, 1, 'Consequatur voluptatum officia totam consequuntur suscipit et.', '2020-04-24 13:31:12', '2020-04-24 13:31:12');
INSERT INTO `replies` VALUES (811, 50, 3, 'Laudantium quia est velit rerum eveniet omnis nulla voluptates.', '2020-05-10 04:04:57', '2020-05-10 04:04:57');
INSERT INTO `replies` VALUES (812, 6, 10, 'Assumenda autem et tempora asperiores ullam velit necessitatibus.', '2020-05-21 00:59:40', '2020-05-21 00:59:40');
INSERT INTO `replies` VALUES (813, 55, 10, 'Doloribus hic beatae est tempore et.', '2020-05-06 17:15:53', '2020-05-06 17:15:53');
INSERT INTO `replies` VALUES (814, 47, 1, 'Et eos ad in placeat temporibus.', '2020-05-16 12:11:49', '2020-05-16 12:11:49');
INSERT INTO `replies` VALUES (815, 94, 9, 'Soluta animi odit sunt doloremque deserunt sit voluptatem.', '2020-05-17 23:41:44', '2020-05-17 23:41:44');
INSERT INTO `replies` VALUES (816, 30, 10, 'Sunt qui consequatur amet voluptas.', '2020-04-25 04:29:20', '2020-04-25 04:29:20');
INSERT INTO `replies` VALUES (817, 84, 9, 'Porro magni in quia consequatur.', '2020-05-11 23:43:34', '2020-05-11 23:43:34');
INSERT INTO `replies` VALUES (818, 58, 3, 'Dolore magni dolores vitae ad eius voluptates voluptate sapiente.', '2020-04-27 13:10:23', '2020-04-27 13:10:23');
INSERT INTO `replies` VALUES (819, 20, 6, 'Enim omnis temporibus sequi eius exercitationem rerum qui.', '2020-05-09 08:57:29', '2020-05-09 08:57:29');
INSERT INTO `replies` VALUES (820, 9, 10, 'Aut iste et unde.', '2020-04-27 01:57:16', '2020-04-27 01:57:16');
INSERT INTO `replies` VALUES (821, 87, 6, 'Enim laborum perspiciatis ut labore fugit.', '2020-04-29 03:53:59', '2020-04-29 03:53:59');
INSERT INTO `replies` VALUES (822, 31, 4, 'Pariatur sapiente adipisci amet.', '2020-05-19 22:57:35', '2020-05-19 22:57:35');
INSERT INTO `replies` VALUES (823, 89, 10, 'Autem id quia atque aliquam quia itaque architecto.', '2020-05-11 19:52:03', '2020-05-11 19:52:03');
INSERT INTO `replies` VALUES (824, 89, 8, 'Mollitia porro incidunt accusamus adipisci necessitatibus dolore.', '2020-05-09 10:59:16', '2020-05-09 10:59:16');
INSERT INTO `replies` VALUES (825, 12, 3, 'Accusantium qui sed sunt ut.', '2020-05-02 16:49:20', '2020-05-02 16:49:20');
INSERT INTO `replies` VALUES (826, 29, 6, 'Aliquid culpa veniam et.', '2020-05-01 15:54:37', '2020-05-01 15:54:37');
INSERT INTO `replies` VALUES (827, 62, 5, 'Modi qui voluptatem iste qui voluptatem nobis.', '2020-05-18 17:29:00', '2020-05-18 17:29:00');
INSERT INTO `replies` VALUES (828, 3, 6, 'Nisi qui voluptatem nihil nihil unde laborum cupiditate.', '2020-05-05 06:26:49', '2020-05-05 06:26:49');
INSERT INTO `replies` VALUES (829, 64, 7, 'Et saepe et cupiditate at natus ea id.', '2020-04-28 17:51:10', '2020-04-28 17:51:10');
INSERT INTO `replies` VALUES (830, 76, 10, 'Sed enim voluptatem voluptas.', '2020-05-22 10:53:37', '2020-05-22 10:53:37');
INSERT INTO `replies` VALUES (831, 35, 10, 'Voluptate voluptatibus minus ab illum.', '2020-05-16 00:58:53', '2020-05-16 00:58:53');
INSERT INTO `replies` VALUES (832, 4, 1, 'Illum perspiciatis sunt reiciendis consectetur vel.', '2020-04-26 06:46:47', '2020-04-26 06:46:47');
INSERT INTO `replies` VALUES (833, 84, 3, 'Illum sequi animi nemo impedit laboriosam.', '2020-05-02 18:34:17', '2020-05-02 18:34:17');
INSERT INTO `replies` VALUES (834, 59, 4, 'Autem quas quisquam quia labore odio.', '2020-05-18 04:02:39', '2020-05-18 04:02:39');
INSERT INTO `replies` VALUES (835, 58, 6, 'Ut modi est omnis porro non eos iste.', '2020-05-07 01:47:07', '2020-05-07 01:47:07');
INSERT INTO `replies` VALUES (836, 68, 7, 'Illo error quia saepe sed ab.', '2020-04-23 20:29:01', '2020-04-23 20:29:01');
INSERT INTO `replies` VALUES (837, 50, 10, 'Illo ipsa et et maxime et.', '2020-05-09 19:41:11', '2020-05-09 19:41:11');
INSERT INTO `replies` VALUES (838, 18, 10, 'Tenetur nam quia minima fuga quis officiis et.', '2020-05-19 20:30:12', '2020-05-19 20:30:12');
INSERT INTO `replies` VALUES (839, 34, 2, 'Molestiae laudantium corporis cum libero ea placeat nisi.', '2020-05-17 02:47:44', '2020-05-17 02:47:44');
INSERT INTO `replies` VALUES (840, 47, 6, 'Suscipit rerum odit et quo rerum maiores quia impedit.', '2020-04-24 09:28:29', '2020-04-24 09:28:29');
INSERT INTO `replies` VALUES (841, 61, 5, 'Voluptas velit rerum minima mollitia.', '2020-04-26 06:06:34', '2020-04-26 06:06:34');
INSERT INTO `replies` VALUES (842, 47, 9, 'Ipsam id eos eos animi exercitationem repudiandae deserunt.', '2020-05-08 03:53:37', '2020-05-08 03:53:37');
INSERT INTO `replies` VALUES (843, 42, 1, 'Ea quo in excepturi non.', '2020-05-08 20:39:45', '2020-05-08 20:39:45');
INSERT INTO `replies` VALUES (844, 88, 8, 'Ut provident vel dolores omnis nam temporibus.', '2020-05-13 15:49:49', '2020-05-13 15:49:49');
INSERT INTO `replies` VALUES (845, 76, 7, 'Nobis incidunt vitae et voluptas veritatis quasi velit.', '2020-05-06 16:07:28', '2020-05-06 16:07:28');
INSERT INTO `replies` VALUES (846, 87, 1, 'Harum voluptatibus hic totam amet.', '2020-05-04 09:08:10', '2020-05-04 09:08:10');
INSERT INTO `replies` VALUES (847, 39, 8, 'Consequuntur est nam modi rerum ut et soluta omnis.', '2020-04-24 21:10:13', '2020-04-24 21:10:13');
INSERT INTO `replies` VALUES (848, 11, 5, 'Autem officiis tempora id aspernatur.', '2020-05-01 15:59:09', '2020-05-01 15:59:09');
INSERT INTO `replies` VALUES (849, 87, 2, 'Temporibus eum accusantium sit labore voluptas fugiat.', '2020-05-08 22:53:23', '2020-05-08 22:53:23');
INSERT INTO `replies` VALUES (850, 69, 7, 'Voluptates aspernatur voluptatem esse necessitatibus minima corporis.', '2020-05-11 15:57:02', '2020-05-11 15:57:02');
INSERT INTO `replies` VALUES (851, 5, 3, 'Placeat quibusdam sed temporibus.', '2020-05-01 10:09:50', '2020-05-01 10:09:50');
INSERT INTO `replies` VALUES (852, 85, 1, 'Blanditiis veniam atque laborum ut sed dolorem.', '2020-04-22 19:46:11', '2020-04-22 19:46:11');
INSERT INTO `replies` VALUES (853, 80, 9, 'Voluptatem tenetur repellendus quas dolor molestias consequatur eos qui.', '2020-05-17 02:53:47', '2020-05-17 02:53:47');
INSERT INTO `replies` VALUES (854, 21, 3, 'Dolorem vitae accusantium iste est et.', '2020-05-13 07:02:51', '2020-05-13 07:02:51');
INSERT INTO `replies` VALUES (855, 98, 8, 'Animi eum qui pariatur consequatur.', '2020-05-16 03:50:42', '2020-05-16 03:50:42');
INSERT INTO `replies` VALUES (856, 69, 3, 'Neque dolor et quia ipsa alias et quo.', '2020-05-06 22:28:20', '2020-05-06 22:28:20');
INSERT INTO `replies` VALUES (857, 37, 4, 'Quo consequatur cumque voluptas.', '2020-05-18 18:40:49', '2020-05-18 18:40:49');
INSERT INTO `replies` VALUES (858, 59, 6, 'Quibusdam sit non quae id vel qui.', '2020-05-06 19:41:15', '2020-05-06 19:41:15');
INSERT INTO `replies` VALUES (859, 57, 4, 'A consequuntur consequatur odio officiis consectetur ab ab.', '2020-05-19 00:43:24', '2020-05-19 00:43:24');
INSERT INTO `replies` VALUES (860, 80, 1, 'Aut ab autem optio deserunt.', '2020-05-07 09:15:49', '2020-05-07 09:15:49');
INSERT INTO `replies` VALUES (861, 38, 10, 'Dolor fuga quia et possimus quod alias dolores praesentium.', '2020-05-08 20:02:09', '2020-05-08 20:02:09');
INSERT INTO `replies` VALUES (862, 80, 3, 'Quia est neque dolor ut quis iure.', '2020-05-11 12:53:34', '2020-05-11 12:53:34');
INSERT INTO `replies` VALUES (863, 64, 4, 'Quo reprehenderit qui numquam.', '2020-04-29 04:56:39', '2020-04-29 04:56:39');
INSERT INTO `replies` VALUES (864, 36, 1, 'Cupiditate ab ipsum harum quam est rerum omnis.', '2020-05-14 14:46:50', '2020-05-14 14:46:50');
INSERT INTO `replies` VALUES (865, 10, 9, 'Reprehenderit iusto consequatur cupiditate recusandae labore.', '2020-04-28 15:39:33', '2020-04-28 15:39:33');
INSERT INTO `replies` VALUES (866, 87, 3, 'Ad consequatur dolor veritatis et commodi omnis.', '2020-05-19 18:46:47', '2020-05-19 18:46:47');
INSERT INTO `replies` VALUES (867, 94, 8, 'In ad quos nihil cum.', '2020-04-24 19:01:03', '2020-04-24 19:01:03');
INSERT INTO `replies` VALUES (868, 28, 1, 'Vel odit totam voluptatibus ut voluptatibus.', '2020-04-24 16:57:09', '2020-04-24 16:57:09');
INSERT INTO `replies` VALUES (869, 66, 4, 'Qui et nemo blanditiis dolorem atque in.', '2020-04-28 06:39:52', '2020-04-28 06:39:52');
INSERT INTO `replies` VALUES (870, 91, 9, 'Rerum iste adipisci cum est tempora quisquam.', '2020-05-01 01:58:51', '2020-05-01 01:58:51');
INSERT INTO `replies` VALUES (871, 37, 8, 'Vero nihil et et sunt ut sint sapiente.', '2020-05-19 03:19:11', '2020-05-19 03:19:11');
INSERT INTO `replies` VALUES (872, 68, 5, 'Ut ipsam voluptate eum enim.', '2020-04-29 18:04:23', '2020-04-29 18:04:23');
INSERT INTO `replies` VALUES (873, 19, 1, 'Esse fugit sequi aut qui.', '2020-05-03 19:23:57', '2020-05-03 19:23:57');
INSERT INTO `replies` VALUES (874, 87, 4, 'Non aut omnis magni numquam.', '2020-05-08 23:06:24', '2020-05-08 23:06:24');
INSERT INTO `replies` VALUES (875, 4, 4, 'Sit sit at architecto incidunt ullam.', '2020-05-18 19:04:54', '2020-05-18 19:04:54');
INSERT INTO `replies` VALUES (876, 57, 2, 'Ex consequatur adipisci dolorem laborum neque soluta voluptates.', '2020-05-02 16:02:50', '2020-05-02 16:02:50');
INSERT INTO `replies` VALUES (877, 83, 7, 'Eligendi recusandae pariatur veritatis voluptatum dolorum voluptatibus amet eum.', '2020-04-26 07:41:19', '2020-04-26 07:41:19');
INSERT INTO `replies` VALUES (878, 40, 9, 'Et nobis et eos sed veniam quo et est.', '2020-05-06 17:29:07', '2020-05-06 17:29:07');
INSERT INTO `replies` VALUES (879, 48, 3, 'Aut velit et quia officiis nam.', '2020-05-08 19:44:46', '2020-05-08 19:44:46');
INSERT INTO `replies` VALUES (880, 88, 8, 'Corrupti ut accusantium reprehenderit eius voluptates vel esse.', '2020-04-25 11:35:59', '2020-04-25 11:35:59');
INSERT INTO `replies` VALUES (881, 79, 2, 'Magni dolorem laboriosam et hic doloribus maiores.', '2020-05-05 00:36:48', '2020-05-05 00:36:48');
INSERT INTO `replies` VALUES (882, 7, 9, 'Eos vel pariatur iste nesciunt eligendi alias quibusdam.', '2020-05-11 17:11:34', '2020-05-11 17:11:34');
INSERT INTO `replies` VALUES (883, 81, 1, 'Ut quaerat iusto voluptatem necessitatibus et at in.', '2020-04-25 06:27:27', '2020-04-25 06:27:27');
INSERT INTO `replies` VALUES (884, 47, 3, 'Dicta quaerat harum officiis consequatur.', '2020-05-22 08:33:56', '2020-05-22 08:33:56');
INSERT INTO `replies` VALUES (885, 62, 3, 'In est dolores et saepe voluptas architecto quam.', '2020-05-18 14:11:59', '2020-05-18 14:11:59');
INSERT INTO `replies` VALUES (886, 3, 6, 'Ut labore explicabo alias consequuntur quasi eius qui.', '2020-05-19 12:05:24', '2020-05-19 12:05:24');
INSERT INTO `replies` VALUES (887, 54, 2, 'Voluptatem quod placeat expedita voluptas ut.', '2020-04-25 18:48:34', '2020-04-25 18:48:34');
INSERT INTO `replies` VALUES (888, 17, 7, 'Nihil porro assumenda praesentium amet laudantium excepturi.', '2020-05-05 09:44:16', '2020-05-05 09:44:16');
INSERT INTO `replies` VALUES (889, 78, 3, 'Ad porro facilis rem voluptas laboriosam.', '2020-04-25 21:12:27', '2020-04-25 21:12:27');
INSERT INTO `replies` VALUES (890, 22, 3, 'Alias voluptas eius voluptates sed.', '2020-04-24 02:32:35', '2020-04-24 02:32:35');
INSERT INTO `replies` VALUES (891, 83, 5, 'Voluptas eos sed sint eos occaecati qui.', '2020-05-13 02:48:22', '2020-05-13 02:48:22');
INSERT INTO `replies` VALUES (892, 78, 8, 'Sit et accusantium et voluptas dolor sed.', '2020-04-24 06:35:04', '2020-04-24 06:35:04');
INSERT INTO `replies` VALUES (893, 57, 8, 'Libero laborum assumenda dolorem adipisci occaecati aut blanditiis.', '2020-05-13 03:49:07', '2020-05-13 03:49:07');
INSERT INTO `replies` VALUES (894, 1, 10, 'Esse necessitatibus tenetur aut rerum cum sunt tempore consequuntur.', '2020-05-21 17:31:31', '2020-05-21 17:31:31');
INSERT INTO `replies` VALUES (895, 23, 7, 'Id praesentium aut est eius et nemo est.', '2020-05-11 20:38:14', '2020-05-11 20:38:14');
INSERT INTO `replies` VALUES (896, 96, 5, 'Quod vel vel illum accusamus eaque.', '2020-05-20 14:03:06', '2020-05-20 14:03:06');
INSERT INTO `replies` VALUES (897, 56, 4, 'Eum natus possimus dolore sit dolorum et non voluptas.', '2020-05-19 08:08:33', '2020-05-19 08:08:33');
INSERT INTO `replies` VALUES (898, 73, 8, 'Quia non dolores dolores similique.', '2020-05-06 07:21:06', '2020-05-06 07:21:06');
INSERT INTO `replies` VALUES (899, 76, 4, 'Quia nisi eveniet odit et odit qui.', '2020-04-24 13:50:44', '2020-04-24 13:50:44');
INSERT INTO `replies` VALUES (900, 24, 10, 'Fugiat repudiandae occaecati reprehenderit rerum.', '2020-04-24 20:00:52', '2020-04-24 20:00:52');
INSERT INTO `replies` VALUES (901, 41, 9, 'Qui eum dolor quasi libero nam et placeat temporibus.', '2020-05-15 03:31:09', '2020-05-15 03:31:09');
INSERT INTO `replies` VALUES (902, 54, 3, 'Natus et omnis adipisci perferendis.', '2020-05-02 15:09:42', '2020-05-02 15:09:42');
INSERT INTO `replies` VALUES (903, 88, 5, 'Reiciendis sed dolorem quidem id.', '2020-05-22 08:08:03', '2020-05-22 08:08:03');
INSERT INTO `replies` VALUES (904, 11, 5, 'Nam molestiae repellendus aliquam quae.', '2020-05-02 00:45:15', '2020-05-02 00:45:15');
INSERT INTO `replies` VALUES (905, 51, 7, 'Explicabo ut vero nisi ea ullam rerum fugit.', '2020-04-30 15:00:47', '2020-04-30 15:00:47');
INSERT INTO `replies` VALUES (906, 49, 10, 'Omnis perspiciatis ex excepturi.', '2020-05-12 04:12:21', '2020-05-12 04:12:21');
INSERT INTO `replies` VALUES (907, 9, 7, 'Asperiores dolor eaque cumque mollitia ut omnis voluptas et.', '2020-05-13 17:54:08', '2020-05-13 17:54:08');
INSERT INTO `replies` VALUES (908, 37, 4, 'Reprehenderit tempore sit odit esse itaque quod quis.', '2020-05-09 14:00:17', '2020-05-09 14:00:17');
INSERT INTO `replies` VALUES (909, 54, 8, 'Rerum voluptate porro libero illo illum.', '2020-04-24 06:03:56', '2020-04-24 06:03:56');
INSERT INTO `replies` VALUES (910, 38, 7, 'Voluptatem qui inventore aut molestiae deleniti.', '2020-05-01 18:57:51', '2020-05-01 18:57:51');
INSERT INTO `replies` VALUES (911, 84, 9, 'Est qui aut cumque voluptatum nihil facere.', '2020-05-20 09:47:28', '2020-05-20 09:47:28');
INSERT INTO `replies` VALUES (912, 10, 1, 'Repellendus autem aut architecto quia quis dolores.', '2020-04-26 19:44:14', '2020-04-26 19:44:14');
INSERT INTO `replies` VALUES (913, 5, 9, 'Consequuntur nobis et repudiandae.', '2020-05-21 21:47:13', '2020-05-21 21:47:13');
INSERT INTO `replies` VALUES (914, 90, 7, 'Molestias dolor aut asperiores sint minus.', '2020-05-08 20:32:19', '2020-05-08 20:32:19');
INSERT INTO `replies` VALUES (915, 88, 3, 'Rerum rerum possimus magnam itaque nam.', '2020-04-27 06:34:54', '2020-04-27 06:34:54');
INSERT INTO `replies` VALUES (916, 42, 4, 'Assumenda eveniet minima consequatur doloremque quia quis rerum officia.', '2020-05-16 09:08:29', '2020-05-16 09:08:29');
INSERT INTO `replies` VALUES (917, 32, 9, 'Animi est dolore facere sunt quod et sequi.', '2020-05-18 01:44:54', '2020-05-18 01:44:54');
INSERT INTO `replies` VALUES (918, 97, 10, 'Et vel unde saepe voluptas id.', '2020-04-25 18:22:13', '2020-04-25 18:22:13');
INSERT INTO `replies` VALUES (919, 59, 8, 'Ut et tempora dignissimos quod repellat animi voluptatem.', '2020-04-30 20:42:09', '2020-04-30 20:42:09');
INSERT INTO `replies` VALUES (920, 24, 7, 'Eius non amet sapiente omnis doloribus velit animi.', '2020-05-02 06:12:32', '2020-05-02 06:12:32');
INSERT INTO `replies` VALUES (921, 21, 2, 'Ut ut sunt quia non est quia.', '2020-05-12 17:20:54', '2020-05-12 17:20:54');
INSERT INTO `replies` VALUES (922, 64, 3, 'Quo deserunt molestiae non quibusdam.', '2020-05-02 05:26:48', '2020-05-02 05:26:48');
INSERT INTO `replies` VALUES (923, 53, 8, 'Rerum at repudiandae laborum fugit et quo.', '2020-05-11 06:01:46', '2020-05-11 06:01:46');
INSERT INTO `replies` VALUES (924, 33, 2, 'Occaecati quaerat minima eos et.', '2020-04-30 10:32:15', '2020-04-30 10:32:15');
INSERT INTO `replies` VALUES (925, 7, 6, 'Quo aut ex et repellendus eveniet sed.', '2020-05-14 06:01:02', '2020-05-14 06:01:02');
INSERT INTO `replies` VALUES (926, 43, 10, 'Repellendus mollitia harum minus cum consectetur eum iste.', '2020-05-17 02:02:39', '2020-05-17 02:02:39');
INSERT INTO `replies` VALUES (927, 86, 3, 'Quas officia et itaque perspiciatis natus ipsum.', '2020-05-22 08:31:59', '2020-05-22 08:31:59');
INSERT INTO `replies` VALUES (928, 3, 6, 'Occaecati praesentium magnam ea quae dolorem ad delectus.', '2020-05-03 23:52:42', '2020-05-03 23:52:42');
INSERT INTO `replies` VALUES (929, 53, 2, 'Cum ut animi non fugit alias expedita.', '2020-05-05 02:23:55', '2020-05-05 02:23:55');
INSERT INTO `replies` VALUES (930, 27, 4, 'Soluta esse laboriosam est et rem.', '2020-05-12 22:41:38', '2020-05-12 22:41:38');
INSERT INTO `replies` VALUES (931, 55, 10, 'Saepe sit ut ea ab.', '2020-04-30 18:15:23', '2020-04-30 18:15:23');
INSERT INTO `replies` VALUES (932, 49, 10, 'Voluptatem perspiciatis et laudantium enim totam.', '2020-05-19 05:18:46', '2020-05-19 05:18:46');
INSERT INTO `replies` VALUES (933, 93, 1, 'Dolores omnis atque atque est suscipit quis quis.', '2020-05-16 19:41:17', '2020-05-16 19:41:17');
INSERT INTO `replies` VALUES (934, 16, 2, 'Aperiam quae odio voluptas.', '2020-05-07 20:24:09', '2020-05-07 20:24:09');
INSERT INTO `replies` VALUES (935, 3, 6, 'Incidunt non quia expedita exercitationem earum.', '2020-05-10 15:34:45', '2020-05-10 15:34:45');
INSERT INTO `replies` VALUES (936, 51, 2, 'Magnam perferendis quo eos ea consequatur hic placeat id.', '2020-04-25 19:26:27', '2020-04-25 19:26:27');
INSERT INTO `replies` VALUES (937, 10, 1, 'Consectetur ab mollitia corporis qui.', '2020-05-16 05:27:29', '2020-05-16 05:27:29');
INSERT INTO `replies` VALUES (938, 4, 2, 'Molestias architecto voluptatum necessitatibus pariatur aliquam nostrum dolor.', '2020-05-07 10:25:56', '2020-05-07 10:25:56');
INSERT INTO `replies` VALUES (939, 4, 4, 'Ea atque eos et repellat temporibus placeat dolores.', '2020-05-22 13:04:32', '2020-05-22 13:04:32');
INSERT INTO `replies` VALUES (940, 78, 3, 'Dolores similique corrupti assumenda iste ipsa vitae atque.', '2020-05-10 10:37:17', '2020-05-10 10:37:17');
INSERT INTO `replies` VALUES (941, 26, 10, 'Incidunt tenetur inventore earum quos doloribus.', '2020-05-13 03:06:32', '2020-05-13 03:06:32');
INSERT INTO `replies` VALUES (942, 16, 6, 'Dolores quia vel sapiente.', '2020-04-23 20:17:50', '2020-04-23 20:17:50');
INSERT INTO `replies` VALUES (943, 2, 7, 'Incidunt aut sed dolores sint tempora.', '2020-04-24 06:24:42', '2020-04-24 06:24:42');
INSERT INTO `replies` VALUES (944, 71, 6, 'Aut iure perspiciatis architecto.', '2020-04-29 04:26:23', '2020-04-29 04:26:23');
INSERT INTO `replies` VALUES (945, 85, 10, 'Ab quia beatae fugit consequatur rem rerum.', '2020-05-19 13:20:13', '2020-05-19 13:20:13');
INSERT INTO `replies` VALUES (946, 88, 1, 'Nemo maxime eius illum et placeat rem.', '2020-05-20 13:48:25', '2020-05-20 13:48:25');
INSERT INTO `replies` VALUES (947, 88, 3, 'Impedit et omnis molestias culpa ut at fugiat sed.', '2020-05-09 06:07:27', '2020-05-09 06:07:27');
INSERT INTO `replies` VALUES (948, 99, 2, 'Fugit ab molestias incidunt et dolorem dolorem aut voluptatem.', '2020-05-16 14:10:47', '2020-05-16 14:10:47');
INSERT INTO `replies` VALUES (949, 26, 3, 'Vitae sed nihil commodi laboriosam et quia et cum.', '2020-04-23 19:42:48', '2020-04-23 19:42:48');
INSERT INTO `replies` VALUES (950, 30, 9, 'Numquam impedit beatae recusandae.', '2020-04-23 22:01:15', '2020-04-23 22:01:15');
INSERT INTO `replies` VALUES (951, 17, 3, 'Est magni aliquam maxime architecto.', '2020-05-02 03:06:54', '2020-05-02 03:06:54');
INSERT INTO `replies` VALUES (952, 70, 3, 'Pariatur numquam doloremque adipisci omnis perspiciatis vero in nihil.', '2020-04-29 05:33:37', '2020-04-29 05:33:37');
INSERT INTO `replies` VALUES (953, 9, 10, 'Ut et et sequi nihil magnam.', '2020-05-08 05:56:05', '2020-05-08 05:56:05');
INSERT INTO `replies` VALUES (954, 2, 4, 'Qui dolor rerum dolorum aliquam nobis.', '2020-04-28 17:02:10', '2020-04-28 17:02:10');
INSERT INTO `replies` VALUES (955, 72, 5, 'Nesciunt cumque quidem tenetur pariatur similique rerum.', '2020-05-13 19:28:48', '2020-05-13 19:28:48');
INSERT INTO `replies` VALUES (956, 19, 6, 'Ducimus sunt non doloribus quas.', '2020-05-16 22:30:18', '2020-05-16 22:30:18');
INSERT INTO `replies` VALUES (957, 52, 3, 'Accusantium explicabo id quam.', '2020-05-02 23:31:36', '2020-05-02 23:31:36');
INSERT INTO `replies` VALUES (958, 89, 7, 'Dicta rerum quas quo vel blanditiis.', '2020-04-29 05:29:43', '2020-04-29 05:29:43');
INSERT INTO `replies` VALUES (959, 35, 10, 'Voluptas architecto quas mollitia perferendis.', '2020-05-03 22:22:42', '2020-05-03 22:22:42');
INSERT INTO `replies` VALUES (960, 56, 5, 'Quae labore iste modi.', '2020-05-03 13:14:08', '2020-05-03 13:14:08');
INSERT INTO `replies` VALUES (961, 91, 9, 'In voluptas ut eos perferendis nihil.', '2020-05-20 14:26:19', '2020-05-20 14:26:19');
INSERT INTO `replies` VALUES (962, 78, 8, 'Sed blanditiis quia harum ipsa.', '2020-05-10 14:20:24', '2020-05-10 14:20:24');
INSERT INTO `replies` VALUES (963, 22, 10, 'Distinctio nihil ea laudantium voluptatem qui.', '2020-04-26 05:57:04', '2020-04-26 05:57:04');
INSERT INTO `replies` VALUES (964, 79, 5, 'Quis quia sunt consequatur.', '2020-05-16 15:23:02', '2020-05-16 15:23:02');
INSERT INTO `replies` VALUES (965, 73, 1, 'Quia laborum vitae inventore enim culpa.', '2020-05-07 18:43:20', '2020-05-07 18:43:20');
INSERT INTO `replies` VALUES (966, 2, 8, 'Autem ut a sequi rerum labore ipsum.', '2020-05-07 23:12:41', '2020-05-07 23:12:41');
INSERT INTO `replies` VALUES (967, 84, 1, 'Incidunt similique praesentium corrupti eveniet nesciunt expedita.', '2020-05-02 10:28:36', '2020-05-02 10:28:36');
INSERT INTO `replies` VALUES (968, 21, 10, 'Qui accusantium saepe deleniti.', '2020-05-15 20:00:59', '2020-05-15 20:00:59');
INSERT INTO `replies` VALUES (969, 19, 2, 'Sunt voluptates quasi voluptate ea culpa.', '2020-05-20 19:04:06', '2020-05-20 19:04:06');
INSERT INTO `replies` VALUES (970, 52, 2, 'Quia amet beatae nobis porro maxime animi iste accusantium.', '2020-05-15 03:57:58', '2020-05-15 03:57:58');
INSERT INTO `replies` VALUES (971, 69, 5, 'Animi soluta facere adipisci qui quas ut saepe blanditiis.', '2020-04-25 23:59:31', '2020-04-25 23:59:31');
INSERT INTO `replies` VALUES (972, 39, 4, 'Enim itaque deleniti atque earum fugiat sint id.', '2020-05-06 01:50:06', '2020-05-06 01:50:06');
INSERT INTO `replies` VALUES (973, 2, 7, 'Autem exercitationem qui cum quam occaecati est et ut.', '2020-04-25 21:54:38', '2020-04-25 21:54:38');
INSERT INTO `replies` VALUES (974, 19, 5, 'Voluptatibus doloribus qui harum et.', '2020-04-23 02:09:43', '2020-04-23 02:09:43');
INSERT INTO `replies` VALUES (975, 44, 8, 'Sed et voluptatem debitis.', '2020-04-30 12:47:02', '2020-04-30 12:47:02');
INSERT INTO `replies` VALUES (976, 52, 8, 'Illo minima tenetur perferendis quae aliquid facere.', '2020-05-19 19:25:52', '2020-05-19 19:25:52');
INSERT INTO `replies` VALUES (977, 6, 2, 'Non facere id eaque odit dicta eum iure itaque.', '2020-05-13 16:01:03', '2020-05-13 16:01:03');
INSERT INTO `replies` VALUES (978, 91, 7, 'Minus voluptates est est non sed.', '2020-04-26 17:46:07', '2020-04-26 17:46:07');
INSERT INTO `replies` VALUES (979, 94, 3, 'Laboriosam esse suscipit sed velit libero modi id sed.', '2020-04-25 03:39:34', '2020-04-25 03:39:34');
INSERT INTO `replies` VALUES (980, 33, 4, 'Nisi voluptatem quaerat et odit.', '2020-05-09 01:04:53', '2020-05-09 01:04:53');
INSERT INTO `replies` VALUES (981, 71, 8, 'Vero natus consequatur voluptate fuga quis quos eaque.', '2020-04-24 21:05:00', '2020-04-24 21:05:00');
INSERT INTO `replies` VALUES (982, 58, 5, 'Molestias est et voluptates voluptas aut neque.', '2020-05-05 18:57:33', '2020-05-05 18:57:33');
INSERT INTO `replies` VALUES (983, 2, 9, 'Repellendus ullam consequatur veniam sed et.', '2020-05-13 06:29:57', '2020-05-13 06:29:57');
INSERT INTO `replies` VALUES (984, 42, 6, 'Sed aut culpa et.', '2020-05-02 05:45:53', '2020-05-02 05:45:53');
INSERT INTO `replies` VALUES (985, 87, 1, 'Vitae facilis expedita molestias quae eius.', '2020-04-27 20:58:07', '2020-04-27 20:58:07');
INSERT INTO `replies` VALUES (986, 91, 4, 'Et deleniti quos itaque voluptatum enim et.', '2020-05-08 08:42:12', '2020-05-08 08:42:12');
INSERT INTO `replies` VALUES (987, 40, 5, 'Omnis quam in minus fugiat corporis est nam.', '2020-05-16 11:03:28', '2020-05-16 11:03:28');
INSERT INTO `replies` VALUES (988, 74, 9, 'Voluptas esse et commodi qui aut.', '2020-05-20 03:56:41', '2020-05-20 03:56:41');
INSERT INTO `replies` VALUES (989, 60, 6, 'Deleniti nisi provident exercitationem et porro vitae accusantium.', '2020-05-02 06:30:37', '2020-05-02 06:30:37');
INSERT INTO `replies` VALUES (990, 62, 7, 'Incidunt dolor eius esse.', '2020-05-04 17:42:33', '2020-05-04 17:42:33');
INSERT INTO `replies` VALUES (991, 26, 10, 'Ut nobis blanditiis rerum doloremque libero odit.', '2020-04-28 17:10:59', '2020-04-28 17:10:59');
INSERT INTO `replies` VALUES (992, 82, 6, 'Est exercitationem laborum necessitatibus consequatur odio ut nihil.', '2020-05-13 20:14:59', '2020-05-13 20:14:59');
INSERT INTO `replies` VALUES (993, 29, 8, 'Rerum molestias odit unde qui.', '2020-05-22 04:48:06', '2020-05-22 04:48:06');
INSERT INTO `replies` VALUES (994, 64, 8, 'Perferendis temporibus ratione eum ea in voluptatum iusto.', '2020-04-24 20:27:19', '2020-04-24 20:27:19');
INSERT INTO `replies` VALUES (995, 99, 9, 'Similique rem aliquam repellendus expedita nemo.', '2020-05-14 10:44:18', '2020-05-14 10:44:18');
INSERT INTO `replies` VALUES (996, 86, 3, 'Molestias enim blanditiis alias vero.', '2020-05-06 04:34:56', '2020-05-06 04:34:56');
INSERT INTO `replies` VALUES (997, 58, 3, 'Et nemo repellendus porro officia quas autem similique.', '2020-05-10 07:18:20', '2020-05-10 07:18:20');
INSERT INTO `replies` VALUES (998, 57, 3, 'Distinctio maxime facere consectetur reiciendis.', '2020-05-21 11:20:54', '2020-05-21 11:20:54');
INSERT INTO `replies` VALUES (999, 56, 1, 'Laudantium hic aliquam dignissimos sed quis ipsa pariatur.', '2020-05-07 08:29:10', '2020-05-07 08:29:10');
INSERT INTO `replies` VALUES (1000, 67, 3, 'Et laudantium non voluptatem laborum.', '2020-05-21 20:44:55', '2020-05-21 20:44:55');

-- ----------------------------
-- Table structure for role_has_permissions
-- ----------------------------
DROP TABLE IF EXISTS `role_has_permissions`;
CREATE TABLE `role_has_permissions`  (
  `permission_id` int(10) UNSIGNED NOT NULL,
  `role_id` int(10) UNSIGNED NOT NULL,
  PRIMARY KEY (`permission_id`, `role_id`) USING BTREE,
  INDEX `role_has_permissions_role_id_foreign`(`role_id`) USING BTREE,
  CONSTRAINT `role_has_permissions_permission_id_foreign` FOREIGN KEY (`permission_id`) REFERENCES `permissions` (`id`) ON DELETE CASCADE ON UPDATE RESTRICT,
  CONSTRAINT `role_has_permissions_role_id_foreign` FOREIGN KEY (`role_id`) REFERENCES `roles` (`id`) ON DELETE CASCADE ON UPDATE RESTRICT
) ENGINE = InnoDB CHARACTER SET = utf8mb4 COLLATE = utf8mb4_unicode_ci ROW_FORMAT = Dynamic;

-- ----------------------------
-- Records of role_has_permissions
-- ----------------------------
INSERT INTO `role_has_permissions` VALUES (1, 1);
INSERT INTO `role_has_permissions` VALUES (2, 1);
INSERT INTO `role_has_permissions` VALUES (3, 1);
INSERT INTO `role_has_permissions` VALUES (1, 2);

-- ----------------------------
-- Table structure for roles
-- ----------------------------
DROP TABLE IF EXISTS `roles`;
CREATE TABLE `roles`  (
  `id` int(10) UNSIGNED NOT NULL AUTO_INCREMENT,
  `name` varchar(255) CHARACTER SET utf8mb4 COLLATE utf8mb4_unicode_ci NOT NULL,
  `guard_name` varchar(255) CHARACTER SET utf8mb4 COLLATE utf8mb4_unicode_ci NOT NULL,
  `created_at` timestamp(0) NULL DEFAULT NULL,
  `updated_at` timestamp(0) NULL DEFAULT NULL,
  PRIMARY KEY (`id`) USING BTREE
) ENGINE = InnoDB AUTO_INCREMENT = 3 CHARACTER SET = utf8mb4 COLLATE = utf8mb4_unicode_ci ROW_FORMAT = Dynamic;

-- ----------------------------
-- Records of roles
-- ----------------------------
INSERT INTO `roles` VALUES (1, 'Founder', 'web', '2020-05-22 14:31:14', '2020-05-22 14:31:14');
INSERT INTO `roles` VALUES (2, 'Maintainer', 'web', '2020-05-22 14:31:14', '2020-05-22 14:31:14');

-- ----------------------------
-- Table structure for topics
-- ----------------------------
DROP TABLE IF EXISTS `topics`;
CREATE TABLE `topics`  (
  `id` int(10) UNSIGNED NOT NULL AUTO_INCREMENT,
  `title` varchar(255) CHARACTER SET utf8mb4 COLLATE utf8mb4_unicode_ci NOT NULL,
  `body` text CHARACTER SET utf8mb4 COLLATE utf8mb4_unicode_ci NOT NULL,
  `user_id` bigint(20) UNSIGNED NOT NULL,
  `category_id` int(10) UNSIGNED NOT NULL,
  `reply_count` int(10) UNSIGNED NOT NULL DEFAULT 0,
  `view_count` int(10) UNSIGNED NOT NULL DEFAULT 0,
  `last_reply_user_id` int(10) UNSIGNED NOT NULL DEFAULT 0,
  `order` int(10) UNSIGNED NOT NULL DEFAULT 0,
  `excerpt` text CHARACTER SET utf8mb4 COLLATE utf8mb4_unicode_ci NULL,
  `slug` varchar(255) CHARACTER SET utf8mb4 COLLATE utf8mb4_unicode_ci NULL DEFAULT NULL,
  `created_at` timestamp(0) NULL DEFAULT NULL,
  `updated_at` timestamp(0) NULL DEFAULT NULL,
  PRIMARY KEY (`id`) USING BTREE,
  INDEX `topics_title_index`(`title`) USING BTREE,
  INDEX `topics_user_id_index`(`user_id`) USING BTREE,
  INDEX `topics_category_id_index`(`category_id`) USING BTREE,
  CONSTRAINT `topics_user_id_foreign` FOREIGN KEY (`user_id`) REFERENCES `users` (`id`) ON DELETE CASCADE ON UPDATE RESTRICT
) ENGINE = InnoDB AUTO_INCREMENT = 101 CHARACTER SET = utf8mb4 COLLATE = utf8mb4_unicode_ci ROW_FORMAT = Dynamic;

-- ----------------------------
-- Records of topics
-- ----------------------------
INSERT INTO `topics` VALUES (1, 'Pariatur quibusdam id consequuntur voluptatibus illum.', 'Dignissimos facilis enim doloremque. Dignissimos at dignissimos in at et nam non.', 9, 4, 0, 0, 0, 0, 'Pariatur quibusdam id consequuntur voluptatibus illum.', NULL, '2020-05-16 06:12:07', '2020-05-17 19:42:05');
INSERT INTO `topics` VALUES (2, 'Labore facere tenetur eos ipsam est et.', 'Libero accusamus autem vel dolor enim. Cupiditate dolor ad sit dolores porro voluptas. Reiciendis laudantium eos quia pariatur.', 4, 3, 0, 0, 0, 0, 'Labore facere tenetur eos ipsam est et.', NULL, '2020-04-30 15:31:47', '2020-05-01 12:57:15');
INSERT INTO `topics` VALUES (3, 'Soluta libero labore exercitationem quia laudantium deserunt quis.', 'Ad harum eveniet sunt iusto quis. Eum ipsam unde quas esse et ducimus. Aut iste numquam aut quo enim blanditiis repudiandae animi.', 2, 3, 0, 0, 0, 0, 'Soluta libero labore exercitationem quia laudantium deserunt quis.', NULL, '2020-04-23 17:10:49', '2020-04-26 23:49:25');
INSERT INTO `topics` VALUES (4, 'Tempore culpa enim natus provident cum.', 'Quia mollitia ducimus omnis nisi consequatur possimus esse. Alias inventore tempore non minima eius quo. Velit est ut voluptas non doloribus ut impedit. Modi sit qui impedit porro.', 9, 1, 0, 0, 0, 0, 'Tempore culpa enim natus provident cum.', NULL, '2020-05-10 00:08:08', '2020-05-21 10:41:37');
INSERT INTO `topics` VALUES (5, 'Qui esse assumenda nulla autem illo soluta fugit.', 'Tempora velit sed hic cumque adipisci aliquam doloribus quia. Sit fuga dolor est sint impedit fugit qui aut. Et nostrum illo qui est ipsa enim.', 5, 4, 0, 0, 0, 0, 'Qui esse assumenda nulla autem illo soluta fugit.', NULL, '2020-04-29 12:33:13', '2020-04-30 10:16:42');
INSERT INTO `topics` VALUES (6, 'Eum et velit ipsam aperiam minus ratione rem soluta.', 'Sapiente ipsam sint exercitationem velit. Consequatur ad dolor hic in.', 6, 2, 0, 0, 0, 0, 'Eum et velit ipsam aperiam minus ratione rem soluta.', NULL, '2020-05-10 17:13:57', '2020-05-16 08:52:08');
INSERT INTO `topics` VALUES (7, 'Nulla aut autem veniam inventore accusantium pariatur.', 'Occaecati quam qui placeat ex. Quae natus et dicta quia. Non necessitatibus non et. Placeat qui ab rem soluta minus autem.', 9, 3, 0, 0, 0, 0, 'Nulla aut autem veniam inventore accusantium pariatur.', NULL, '2020-05-04 11:46:02', '2020-05-20 07:04:55');
INSERT INTO `topics` VALUES (8, 'Doloremque minus quisquam commodi qui mollitia officia rem fuga.', 'Totam modi excepturi quo modi. Id minus eligendi optio et doloremque corporis. Rem et quia perferendis eum neque. Eum neque nihil dolorum qui nobis nulla. Omnis iusto aut amet.', 7, 1, 0, 0, 0, 0, 'Doloremque minus quisquam commodi qui mollitia officia rem fuga.', NULL, '2020-04-28 18:28:35', '2020-05-04 19:25:36');
INSERT INTO `topics` VALUES (9, 'Eligendi amet aut et recusandae laudantium qui voluptas.', 'Ea reiciendis et corporis dolores sunt dolorem. Est ut nemo aut et officia. Libero temporibus debitis quia non enim.', 7, 3, 0, 0, 0, 0, 'Eligendi amet aut et recusandae laudantium qui voluptas.', NULL, '2020-04-26 16:18:12', '2020-05-08 14:18:37');
INSERT INTO `topics` VALUES (10, 'In velit quia ab quia optio sint voluptates.', 'Quam totam iusto reiciendis deserunt et est vitae. Libero nulla fugiat ut eligendi illum officia. Illum quibusdam adipisci repudiandae necessitatibus dolorum quia aut beatae.', 8, 3, 0, 0, 0, 0, 'In velit quia ab quia optio sint voluptates.', NULL, '2020-05-06 04:39:42', '2020-05-13 09:20:12');
INSERT INTO `topics` VALUES (11, 'Rerum vel harum esse aut autem.', 'Ad vel debitis nisi id ipsum explicabo nam. Ab sint architecto sit aut fugit. Explicabo et reprehenderit similique accusantium dolor aut.', 8, 4, 0, 0, 0, 0, 'Rerum vel harum esse aut autem.', NULL, '2020-04-30 21:20:29', '2020-05-04 11:39:40');
INSERT INTO `topics` VALUES (12, 'Ut laborum earum similique tempore fugiat officiis id.', 'Rerum unde placeat voluptatem consequatur modi voluptas iste. Molestiae consequatur voluptas nesciunt illo et omnis soluta. Impedit laudantium eius numquam tempora sed commodi.', 2, 1, 0, 0, 0, 0, 'Ut laborum earum similique tempore fugiat officiis id.', NULL, '2020-04-24 22:21:12', '2020-05-07 23:34:40');
INSERT INTO `topics` VALUES (13, 'Veritatis quae mollitia aut nostrum voluptas.', 'Sed iure quia ratione aperiam. Ea sunt dicta ratione. Aut voluptatem perferendis veritatis ipsam ut.', 4, 1, 0, 0, 0, 0, 'Veritatis quae mollitia aut nostrum voluptas.', NULL, '2020-04-23 21:09:54', '2020-05-20 23:57:45');
INSERT INTO `topics` VALUES (14, 'Omnis nemo quo distinctio odit.', 'Officiis impedit natus recusandae ut. Quia consequuntur quia laborum qui corporis nulla dolores. Aut eum velit iure sint a laboriosam sunt. Commodi numquam voluptatem sequi quis aspernatur.', 2, 2, 0, 0, 0, 0, 'Omnis nemo quo distinctio odit.', NULL, '2020-05-11 04:48:37', '2020-05-15 06:21:43');
INSERT INTO `topics` VALUES (15, 'Non magni sed dolores qui quae.', 'Sed ipsam dolorum consequatur harum pariatur. Sequi et et et alias eligendi exercitationem molestiae. Omnis beatae vitae voluptatibus. Est hic totam praesentium dolorem aliquam qui voluptatem.', 3, 3, 0, 0, 0, 0, 'Non magni sed dolores qui quae.', NULL, '2020-05-03 20:49:22', '2020-05-17 09:49:13');
INSERT INTO `topics` VALUES (16, 'Quod provident dolores veniam nam.', 'Et nam hic officia error officiis. Praesentium aliquam rerum est dolor autem illum.', 10, 1, 0, 0, 0, 0, 'Quod provident dolores veniam nam.', NULL, '2020-04-23 10:00:16', '2020-04-25 23:53:29');
INSERT INTO `topics` VALUES (17, 'Quaerat deserunt mollitia nostrum minus et officiis.', 'Odit cupiditate corporis dolor rem molestias dolor. Quis eum enim exercitationem neque quas non voluptatem debitis.', 2, 3, 0, 0, 0, 0, 'Quaerat deserunt mollitia nostrum minus et officiis.', NULL, '2020-04-23 19:51:12', '2020-04-24 04:07:52');
INSERT INTO `topics` VALUES (18, 'Totam sit enim et nesciunt aperiam qui.', 'Repellat nisi harum et. Autem in sed maiores qui. Quo adipisci eaque voluptas optio blanditiis dolorum esse sed. Quaerat asperiores omnis delectus qui. Rerum autem id et.', 6, 2, 0, 0, 0, 0, 'Totam sit enim et nesciunt aperiam qui.', NULL, '2020-04-24 00:58:46', '2020-04-27 08:11:33');
INSERT INTO `topics` VALUES (19, 'Non perspiciatis in sit molestiae.', 'Tenetur sit rerum deserunt. Magni nulla consectetur officia voluptatem vitae aut. Soluta sunt veritatis hic voluptates.', 5, 3, 0, 0, 0, 0, 'Non perspiciatis in sit molestiae.', NULL, '2020-05-05 04:18:27', '2020-05-12 10:35:02');
INSERT INTO `topics` VALUES (20, 'Earum libero vitae adipisci voluptatum delectus quia velit.', 'Molestiae vel omnis impedit vero. Quibusdam dolor architecto occaecati eligendi. A reiciendis et repudiandae neque natus est. Itaque autem corrupti qui in sit.', 6, 4, 0, 0, 0, 0, 'Earum libero vitae adipisci voluptatum delectus quia velit.', NULL, '2020-04-24 06:59:13', '2020-04-28 07:34:25');
INSERT INTO `topics` VALUES (21, 'Dolores dolor a excepturi sit blanditiis ullam aut.', 'Fugit voluptas et corrupti unde et. Aliquid ab itaque est illum voluptatibus quibusdam placeat. Voluptas totam velit quaerat excepturi iure sint maxime. Voluptas veritatis nisi quia enim.', 7, 3, 0, 0, 0, 0, 'Dolores dolor a excepturi sit blanditiis ullam aut.', NULL, '2020-04-23 02:55:36', '2020-04-23 11:42:45');
INSERT INTO `topics` VALUES (22, 'Incidunt minus eveniet quis molestiae est.', 'Aut dolor in sed. Quia dolore sit repellat libero porro ipsum molestiae. Tempora quia ducimus officiis quod rem saepe. Est eveniet non vel voluptate. Eum hic sed quos quibusdam qui.', 1, 3, 0, 0, 0, 0, 'Incidunt minus eveniet quis molestiae est.', NULL, '2020-04-29 04:57:13', '2020-05-07 22:53:04');
INSERT INTO `topics` VALUES (23, 'Ab illo non adipisci aut porro dolorem.', 'Magni voluptatum ipsum expedita ab. Maiores sapiente eligendi qui voluptatem aliquid tempora. Reprehenderit eum nisi et modi.', 8, 4, 0, 0, 0, 0, 'Ab illo non adipisci aut porro dolorem.', NULL, '2020-04-25 04:36:25', '2020-04-26 10:17:13');
INSERT INTO `topics` VALUES (24, 'Velit tenetur natus autem quas doloremque.', 'Eos ipsa porro sed. Et neque dolores omnis voluptatem culpa. Natus optio et quisquam quibusdam voluptatem quas numquam praesentium. Sed excepturi laboriosam qui vel tempora sapiente et.', 10, 3, 0, 0, 0, 0, 'Velit tenetur natus autem quas doloremque.', NULL, '2020-05-11 09:49:38', '2020-05-11 21:38:48');
INSERT INTO `topics` VALUES (25, 'Quos distinctio id aliquam sit nulla non eum.', 'Sed provident vel voluptatibus ab. Rerum reiciendis debitis temporibus autem voluptate voluptas aut. Quisquam quis sunt adipisci quasi fugiat sequi quia at. Veniam et impedit iusto voluptas.', 6, 4, 0, 0, 0, 0, 'Quos distinctio id aliquam sit nulla non eum.', NULL, '2020-05-10 05:17:25', '2020-05-12 16:19:27');
INSERT INTO `topics` VALUES (26, 'Omnis et consequuntur aut itaque numquam sint ipsum.', 'Voluptate et quas quia. Quod quo quaerat quia. Ea quia voluptates quasi libero nihil.', 7, 3, 0, 0, 0, 0, 'Omnis et consequuntur aut itaque numquam sint ipsum.', NULL, '2020-04-24 16:39:46', '2020-05-05 00:14:43');
INSERT INTO `topics` VALUES (27, 'Enim non placeat rerum quaerat.', 'In temporibus officia vel ad fugiat et vero. Ea doloribus soluta totam quisquam ut vero. Odit qui accusamus soluta inventore. Nesciunt aperiam aut totam.', 2, 2, 0, 0, 0, 0, 'Enim non placeat rerum quaerat.', NULL, '2020-04-23 00:28:51', '2020-05-21 22:45:19');
INSERT INTO `topics` VALUES (28, 'Ipsum impedit enim incidunt qui officiis sint nobis.', 'Velit dolore quis eligendi et. Sit aut itaque voluptatem. Eius quo quidem dicta omnis facilis. Fugiat qui expedita maxime ut.', 4, 1, 0, 0, 0, 0, 'Ipsum impedit enim incidunt qui officiis sint nobis.', NULL, '2020-04-29 15:10:00', '2020-05-17 23:43:53');
INSERT INTO `topics` VALUES (29, 'Sit minus non ut placeat eos qui.', 'Laudantium blanditiis optio voluptas rerum fugit omnis et. Dolorem minima atque est fuga nemo et et. Dignissimos consequatur quasi harum itaque voluptatem.', 8, 4, 0, 0, 0, 0, 'Sit minus non ut placeat eos qui.', NULL, '2020-04-26 23:54:52', '2020-05-05 00:38:35');
INSERT INTO `topics` VALUES (30, 'Sunt molestiae vel assumenda animi et.', 'Consequatur voluptatum in saepe aut aliquid sed quis in. Optio quo accusamus voluptas. Ea ratione expedita id. Numquam ut nobis voluptatibus voluptas consequuntur ut quisquam.', 9, 1, 0, 0, 0, 0, 'Sunt molestiae vel assumenda animi et.', NULL, '2020-04-29 15:31:45', '2020-05-12 01:31:33');
INSERT INTO `topics` VALUES (31, 'Reiciendis rem dolor et provident alias id rem iste.', 'Vel enim necessitatibus qui ipsum sint est et voluptatem. Ipsa et et et ratione rerum rerum. Ut expedita illum omnis iure. Laboriosam dolorem molestias illum corporis totam odio omnis fugit.', 9, 1, 0, 0, 0, 0, 'Reiciendis rem dolor et provident alias id rem iste.', NULL, '2020-04-28 16:27:14', '2020-05-18 08:21:10');
INSERT INTO `topics` VALUES (32, 'Sit unde ipsam inventore adipisci eum.', 'Nihil ut aut quaerat non aut et distinctio consequatur. Impedit molestias sequi odio similique molestiae cum porro vero. Minus animi dolor doloribus optio.', 8, 2, 0, 0, 0, 0, 'Sit unde ipsam inventore adipisci eum.', NULL, '2020-05-08 15:11:10', '2020-05-09 19:48:41');
INSERT INTO `topics` VALUES (33, 'Occaecati molestiae aliquid ducimus est quis.', 'Dolores consequuntur optio et velit quod aut assumenda. Maiores eveniet impedit excepturi ut. Iure qui in natus illo autem voluptatem.', 3, 4, 0, 0, 0, 0, 'Occaecati molestiae aliquid ducimus est quis.', NULL, '2020-04-29 16:27:09', '2020-05-21 12:01:20');
INSERT INTO `topics` VALUES (34, 'Aliquid id accusantium labore non.', 'Rerum ut occaecati ex dolor. Quas et ea dolorem quia quae tempore quibusdam.', 1, 4, 0, 0, 0, 0, 'Aliquid id accusantium labore non.', NULL, '2020-04-23 01:54:52', '2020-04-26 05:10:08');
INSERT INTO `topics` VALUES (35, 'Ut facilis non quas numquam enim est.', 'Distinctio necessitatibus minima sed ad incidunt ea. Itaque aut corporis rem voluptatem laborum pariatur sapiente. Aperiam nesciunt vel repellendus. Assumenda eos est fugiat in.', 3, 4, 0, 0, 0, 0, 'Ut facilis non quas numquam enim est.', NULL, '2020-04-26 03:26:39', '2020-04-29 01:15:40');
INSERT INTO `topics` VALUES (36, 'Blanditiis odit nisi ab aut dolores doloribus tempore.', 'Temporibus dolorem voluptas cum architecto eos. Sunt est culpa veritatis quo. Ratione vel consequuntur porro quis.', 8, 4, 0, 0, 0, 0, 'Blanditiis odit nisi ab aut dolores doloribus tempore.', NULL, '2020-04-22 23:42:45', '2020-04-23 00:01:28');
INSERT INTO `topics` VALUES (37, 'Molestiae repellat sunt quidem a dolor possimus repudiandae.', 'Iure rerum fugiat autem quasi. Et quae aut rem illo magni iste. Vero voluptatem nostrum exercitationem natus voluptatem et.', 3, 4, 0, 0, 0, 0, 'Molestiae repellat sunt quidem a dolor possimus repudiandae.', NULL, '2020-04-24 05:48:55', '2020-05-11 18:29:18');
INSERT INTO `topics` VALUES (38, 'Est ab ea cupiditate aut magni et.', 'Fuga cum hic ut et ut velit. Tempore facilis aut vero et corporis sit. Aut est et aut amet optio odio qui.', 8, 3, 0, 0, 0, 0, 'Est ab ea cupiditate aut magni et.', NULL, '2020-04-25 21:31:41', '2020-05-10 07:47:37');
INSERT INTO `topics` VALUES (39, 'Rem velit incidunt earum corrupti sunt blanditiis laudantium.', 'Nostrum eius deleniti omnis magnam. Alias similique sunt enim sit quibusdam.', 9, 2, 0, 0, 0, 0, 'Rem velit incidunt earum corrupti sunt blanditiis laudantium.', NULL, '2020-05-08 12:17:06', '2020-05-14 00:50:50');
INSERT INTO `topics` VALUES (40, 'Rerum a necessitatibus porro aut et quod expedita.', 'Et ipsam est assumenda aliquam cumque sequi. Tenetur voluptatem commodi excepturi eos animi molestiae quae. Rem et delectus fugiat animi explicabo qui.', 7, 2, 0, 0, 0, 0, 'Rerum a necessitatibus porro aut et quod expedita.', NULL, '2020-04-22 20:41:07', '2020-05-14 08:29:03');
INSERT INTO `topics` VALUES (41, 'Dolores saepe debitis sint quam sit.', 'Voluptatem recusandae perspiciatis molestias dicta nobis. Quaerat sunt quia qui nobis alias alias. Magnam facilis amet nostrum sit maiores.', 9, 1, 0, 0, 0, 0, 'Dolores saepe debitis sint quam sit.', NULL, '2020-05-11 06:51:31', '2020-05-16 11:22:54');
INSERT INTO `topics` VALUES (42, 'Quia non adipisci architecto eum rem quibusdam consequatur impedit.', 'Suscipit ipsam quia laborum quaerat officia. Aut et laborum et enim ea cupiditate quia. Et architecto velit quae ab quisquam. Expedita expedita rerum aut placeat sit.', 5, 2, 0, 0, 0, 0, 'Quia non adipisci architecto eum rem quibusdam consequatur impedit.', NULL, '2020-05-02 08:31:50', '2020-05-14 15:27:52');
INSERT INTO `topics` VALUES (43, 'Reprehenderit saepe autem repellat et id sit.', 'Laudantium ea rerum voluptate et placeat eum quidem. Numquam libero iste debitis quibusdam voluptas repudiandae qui. Assumenda repellendus voluptate voluptas eaque qui. Explicabo qui ea numquam aut.', 3, 1, 0, 0, 0, 0, 'Reprehenderit saepe autem repellat et id sit.', NULL, '2020-04-28 00:07:41', '2020-05-05 06:35:22');
INSERT INTO `topics` VALUES (44, 'Qui odio ab doloremque nam.', 'Aspernatur aut debitis ut esse non architecto. Ut aspernatur deserunt velit est rerum. Et explicabo tempore eos ipsum quia. Velit tempora voluptatem quibusdam dolores dolores.', 6, 2, 0, 0, 0, 0, 'Qui odio ab doloremque nam.', NULL, '2020-05-09 04:18:20', '2020-05-12 10:34:05');
INSERT INTO `topics` VALUES (45, 'Doloremque a voluptatem temporibus et.', 'Id occaecati sit accusantium qui quis et aut autem. Iste qui ut sit voluptatem. Facilis aperiam perspiciatis nesciunt. Qui laudantium nihil architecto maxime occaecati.', 10, 1, 0, 0, 0, 0, 'Doloremque a voluptatem temporibus et.', NULL, '2020-04-30 23:49:06', '2020-05-03 08:59:59');
INSERT INTO `topics` VALUES (46, 'Tempora similique cupiditate sed.', 'Quisquam ut necessitatibus facilis sit enim ut. Aut officia iure praesentium. Et provident quo quo sint exercitationem molestiae at aut.', 9, 3, 0, 0, 0, 0, 'Tempora similique cupiditate sed.', NULL, '2020-04-23 09:50:03', '2020-05-20 21:29:10');
INSERT INTO `topics` VALUES (47, 'Quasi distinctio atque et iste ad.', 'Reprehenderit placeat consectetur quaerat eaque earum facilis. Rerum odio quod a dolores. Qui est accusantium et et quia aut. Culpa consequatur placeat illo.', 5, 4, 0, 0, 0, 0, 'Quasi distinctio atque et iste ad.', NULL, '2020-05-03 19:58:35', '2020-05-05 19:07:36');
INSERT INTO `topics` VALUES (48, 'Adipisci et doloribus est voluptates temporibus dolor.', 'Corporis ducimus debitis nihil. Sit qui voluptas maiores. Dolorem id modi quo aliquam quod.', 7, 2, 0, 0, 0, 0, 'Adipisci et doloribus est voluptates temporibus dolor.', NULL, '2020-04-22 23:43:24', '2020-05-11 17:13:33');
INSERT INTO `topics` VALUES (49, 'Ipsam fugit repellendus aut soluta blanditiis quos.', 'Commodi voluptatum maiores magnam et. Consequuntur maxime ipsa delectus dolor molestiae quisquam suscipit. Vero debitis reiciendis quis non eligendi incidunt.', 2, 3, 0, 0, 0, 0, 'Ipsam fugit repellendus aut soluta blanditiis quos.', NULL, '2020-04-25 16:23:34', '2020-05-15 02:27:30');
INSERT INTO `topics` VALUES (50, 'Dolores iste vitae explicabo rem.', 'Incidunt odit totam soluta et fugiat voluptas. Labore est nesciunt sequi et qui quia ratione error. Itaque nisi quos dolor possimus et. Laborum laudantium atque perferendis voluptatem doloremque.', 6, 4, 0, 0, 0, 0, 'Dolores iste vitae explicabo rem.', NULL, '2020-04-24 10:26:33', '2020-05-01 02:35:22');
INSERT INTO `topics` VALUES (51, 'Consectetur tenetur impedit iusto.', 'Cumque deleniti dolorem unde unde recusandae fugiat. Nihil eligendi voluptatem ab quia sequi repellat. Atque aspernatur nobis ea rem. Inventore a expedita cumque corrupti.', 1, 4, 0, 0, 0, 0, 'Consectetur tenetur impedit iusto.', NULL, '2020-04-24 00:40:59', '2020-04-26 04:53:55');
INSERT INTO `topics` VALUES (52, 'Sint sunt quos consectetur et sed accusantium.', 'Voluptas minima ipsam accusamus dolores ullam voluptates. Harum vel sit illo blanditiis omnis eaque sed aut. Cupiditate dicta maiores quam vitae eveniet in. Tempore et non dolore aut.', 7, 1, 0, 0, 0, 0, 'Sint sunt quos consectetur et sed accusantium.', NULL, '2020-04-29 17:27:12', '2020-05-07 10:10:49');
INSERT INTO `topics` VALUES (53, 'Sit consectetur doloribus nulla omnis praesentium.', 'Voluptate possimus nihil dolore sed ratione nisi. Tenetur excepturi repudiandae neque saepe aut odio ducimus eos. Aut ab enim ullam perferendis a eos et. Nobis laudantium quisquam nemo iusto tempore.', 3, 2, 0, 0, 0, 0, 'Sit consectetur doloribus nulla omnis praesentium.', NULL, '2020-04-29 07:20:15', '2020-04-30 02:15:35');
INSERT INTO `topics` VALUES (54, 'Maxime minus autem aut totam quisquam consequatur dolor.', 'Non minima quia ea quo. Voluptatem tenetur perspiciatis doloremque ipsa. Veniam voluptatem deleniti ducimus nesciunt laborum saepe est. Ex nam vel ratione libero et aut.', 8, 4, 0, 0, 0, 0, 'Maxime minus autem aut totam quisquam consequatur dolor.', NULL, '2020-04-22 22:08:34', '2020-04-24 00:35:46');
INSERT INTO `topics` VALUES (55, 'Voluptatum cum maxime vero est eligendi mollitia ratione repudiandae.', 'Non totam ut quis quo blanditiis molestiae. Culpa rerum iste voluptatum qui facere. Harum nobis in quia et. Et enim ab incidunt molestiae. Consequatur autem quasi doloribus quia.', 4, 1, 0, 0, 0, 0, 'Voluptatum cum maxime vero est eligendi mollitia ratione repudiandae.', NULL, '2020-05-04 16:02:00', '2020-05-07 16:37:41');
INSERT INTO `topics` VALUES (56, 'Rerum maiores impedit possimus optio dolorum totam.', 'Temporibus nemo magni blanditiis dolores debitis omnis laudantium. Vel voluptas velit aut sequi iste. Veniam iusto qui adipisci dolore. Sint sit a eos voluptatem aperiam sit alias.', 8, 2, 0, 0, 0, 0, 'Rerum maiores impedit possimus optio dolorum totam.', NULL, '2020-04-25 04:50:57', '2020-04-29 15:01:02');
INSERT INTO `topics` VALUES (57, 'Quia repellat ut rem doloribus voluptatem.', 'Eum nam optio officia illum. Accusantium est ab vel quo ut amet. Quia sunt molestiae ipsa facere nihil cum.', 3, 4, 0, 0, 0, 0, 'Quia repellat ut rem doloribus voluptatem.', NULL, '2020-04-28 01:35:50', '2020-04-28 11:39:37');
INSERT INTO `topics` VALUES (58, 'Quam enim labore voluptatem architecto.', 'Illum ducimus sed neque dolorem amet delectus et. Aut atque inventore laudantium et. Nesciunt mollitia dolores quidem facilis aliquam ad. Autem omnis deleniti sapiente vel nihil delectus minima et.', 6, 3, 0, 0, 0, 0, 'Quam enim labore voluptatem architecto.', NULL, '2020-05-08 14:21:32', '2020-05-12 07:00:29');
INSERT INTO `topics` VALUES (59, 'Voluptatibus quasi dolores est et corporis laborum veniam.', 'Qui nihil laborum voluptatibus vel nihil minus autem aut. Repellendus et cum repudiandae aspernatur eveniet. Doloremque qui totam vel ipsam nihil est.', 5, 3, 0, 0, 0, 0, 'Voluptatibus quasi dolores est et corporis laborum veniam.', NULL, '2020-05-04 22:10:05', '2020-05-06 04:14:13');
INSERT INTO `topics` VALUES (60, 'Voluptatem ut ut facilis quam asperiores quia est.', 'Nesciunt doloremque eos dolor eius. Neque enim sit natus. Voluptas et id nesciunt rerum deserunt facere neque.', 9, 1, 0, 0, 0, 0, 'Voluptatem ut ut facilis quam asperiores quia est.', NULL, '2020-04-22 18:24:25', '2020-05-08 03:49:53');
INSERT INTO `topics` VALUES (61, 'Earum voluptatem voluptatum est dignissimos.', 'Quis ipsum pariatur ut. Dolores minima sit tempora qui. Voluptas autem ut amet officia expedita et. Similique quis corporis rem et quis facilis ut.', 8, 1, 0, 0, 0, 0, 'Earum voluptatem voluptatum est dignissimos.', NULL, '2020-04-27 09:28:34', '2020-04-28 06:20:51');
INSERT INTO `topics` VALUES (62, 'Repudiandae quo nisi recusandae eos voluptatem dolor saepe ex.', 'Delectus aut vitae deleniti nulla aut quo voluptatem. Consequatur sed beatae et.', 8, 4, 0, 0, 0, 0, 'Repudiandae quo nisi recusandae eos voluptatem dolor saepe ex.', NULL, '2020-04-30 15:33:36', '2020-05-22 04:46:01');
INSERT INTO `topics` VALUES (63, 'Cupiditate earum sequi rem iste sequi fugit dolor.', 'Recusandae delectus cum nesciunt minus ducimus dolorem deleniti. Fugit qui eaque non qui rem. Accusantium dicta amet dolore. Inventore dicta sint qui debitis enim sit qui.', 7, 1, 0, 0, 0, 0, 'Cupiditate earum sequi rem iste sequi fugit dolor.', NULL, '2020-04-27 09:27:18', '2020-05-18 15:56:14');
INSERT INTO `topics` VALUES (64, 'Suscipit laboriosam quibusdam reiciendis doloribus.', 'Est est dolores repellat velit quia qui. Consectetur perspiciatis qui eos consequuntur sed. Cum recusandae ipsum voluptas debitis ducimus.', 10, 2, 0, 0, 0, 0, 'Suscipit laboriosam quibusdam reiciendis doloribus.', NULL, '2020-05-05 15:41:16', '2020-05-12 10:16:59');
INSERT INTO `topics` VALUES (65, 'Voluptatem recusandae velit harum et perspiciatis.', 'Quia itaque labore eos dolorum vel sapiente inventore. Tenetur reprehenderit voluptatum tempora culpa aut nulla quo. Eligendi maxime consectetur ipsa eveniet error sed ratione culpa.', 8, 2, 0, 0, 0, 0, 'Voluptatem recusandae velit harum et perspiciatis.', NULL, '2020-05-10 11:26:34', '2020-05-17 07:40:31');
INSERT INTO `topics` VALUES (66, 'Et asperiores ipsa magnam libero qui autem aut.', 'Atque omnis ullam consequatur. Velit quaerat deserunt harum facilis velit et praesentium. Dolores rerum nisi est maxime. Ducimus excepturi est exercitationem harum unde minus.', 10, 2, 0, 0, 0, 0, 'Et asperiores ipsa magnam libero qui autem aut.', NULL, '2020-05-05 15:22:56', '2020-05-15 23:39:30');
INSERT INTO `topics` VALUES (67, 'Minus maiores id qui sunt inventore.', 'Qui officia recusandae beatae eius maxime minus. Cupiditate velit aperiam at officiis soluta molestiae eum. Itaque minima molestiae quae placeat.', 9, 4, 0, 0, 0, 0, 'Minus maiores id qui sunt inventore.', NULL, '2020-04-27 04:38:38', '2020-05-12 07:43:29');
INSERT INTO `topics` VALUES (68, 'Corrupti itaque id sint temporibus ea et aut.', 'Quo cumque animi facilis. Eum id eaque magnam voluptatem. Amet quo vel laboriosam et minus. Ut tenetur temporibus et.', 5, 3, 0, 0, 0, 0, 'Corrupti itaque id sint temporibus ea et aut.', NULL, '2020-04-24 15:19:11', '2020-04-28 00:24:49');
INSERT INTO `topics` VALUES (69, 'Tempora et aut officia facere mollitia aliquid et.', 'Sed placeat qui fugit exercitationem harum. Quisquam facilis aliquid ut et officiis at. Veniam at cumque est et pariatur. Fuga rerum dignissimos sed officiis velit dolores.', 3, 4, 0, 0, 0, 0, 'Tempora et aut officia facere mollitia aliquid et.', NULL, '2020-04-27 17:29:06', '2020-05-17 01:33:45');
INSERT INTO `topics` VALUES (70, 'Iusto doloremque nihil nostrum et autem.', 'Est est corrupti ad quod quasi. Explicabo dolor cum quia aliquid dignissimos facilis et inventore.', 10, 3, 0, 0, 0, 0, 'Iusto doloremque nihil nostrum et autem.', NULL, '2020-04-26 03:28:52', '2020-05-06 20:47:16');
INSERT INTO `topics` VALUES (71, 'Maiores possimus vel aut consectetur nihil officiis.', 'Quam velit maxime quas rerum. Sequi id sunt eos id minus. Nemo sit ex quidem ex eligendi repellat temporibus non. A ut ut rerum aut vitae.', 1, 3, 0, 0, 0, 0, 'Maiores possimus vel aut consectetur nihil officiis.', NULL, '2020-04-25 15:53:50', '2020-04-30 23:00:12');
INSERT INTO `topics` VALUES (72, 'Similique ducimus ea tempore incidunt impedit omnis eos.', 'At nulla ea dolor. Quia quo vero et vel quidem ab excepturi voluptas. Et corporis nisi fugiat sed adipisci et.', 8, 2, 0, 0, 0, 0, 'Similique ducimus ea tempore incidunt impedit omnis eos.', NULL, '2020-05-03 00:53:24', '2020-05-07 11:03:43');
INSERT INTO `topics` VALUES (73, 'Quam ipsam doloribus aut eveniet dolores qui maxime.', 'Vel architecto aut sed reiciendis est. Cumque tempore repellat vero laborum. Aut numquam qui molestias.', 10, 3, 0, 0, 0, 0, 'Quam ipsam doloribus aut eveniet dolores qui maxime.', NULL, '2020-05-01 15:36:02', '2020-05-19 19:05:16');
INSERT INTO `topics` VALUES (74, 'Possimus numquam culpa qui adipisci.', 'Distinctio nihil eos repellendus quae reprehenderit porro dolorem possimus. Sapiente laborum qui non sed explicabo. Dolores qui odio non. Nemo veritatis qui ad ipsam error aut.', 9, 2, 0, 0, 0, 0, 'Possimus numquam culpa qui adipisci.', NULL, '2020-04-30 22:42:42', '2020-05-15 07:03:43');
INSERT INTO `topics` VALUES (75, 'Voluptatibus vel enim fugit officia fuga cum hic.', 'Et voluptatibus et cupiditate consequatur earum. Molestias quo nostrum minus sed id aut facere. Ut nemo excepturi consectetur.', 8, 1, 0, 0, 0, 0, 'Voluptatibus vel enim fugit officia fuga cum hic.', NULL, '2020-04-25 21:25:55', '2020-05-21 08:58:08');
INSERT INTO `topics` VALUES (76, 'Dolorum magnam doloremque voluptatibus.', 'Minus id aut accusantium laborum in voluptatum. Ullam id beatae excepturi officia assumenda. Cum asperiores minus culpa quibusdam ut. Dolorem vel harum officia impedit aut dolores.', 4, 4, 0, 0, 0, 0, 'Dolorum magnam doloremque voluptatibus.', NULL, '2020-05-06 20:51:35', '2020-05-18 21:00:31');
INSERT INTO `topics` VALUES (77, 'Dolore et officiis eius quam quidem autem assumenda.', 'Et qui nam atque sit natus quaerat dolor. Et reiciendis autem quia dolorem. Non voluptatem et nihil ad nihil.', 10, 2, 0, 0, 0, 0, 'Dolore et officiis eius quam quidem autem assumenda.', NULL, '2020-04-25 19:48:01', '2020-04-27 20:19:37');
INSERT INTO `topics` VALUES (78, 'Cupiditate sint aut qui fuga iste sapiente voluptas.', 'Rerum minima iste laborum nihil sit accusantium quia. Atque est fuga eveniet.', 6, 1, 0, 0, 0, 0, 'Cupiditate sint aut qui fuga iste sapiente voluptas.', NULL, '2020-04-22 18:27:18', '2020-04-24 15:41:46');
INSERT INTO `topics` VALUES (79, 'Totam qui porro sed fugit omnis accusamus voluptas.', 'Dolorem ea quibusdam doloribus aperiam. Earum magni placeat voluptatem autem nam. Aut id nobis ut eaque.', 5, 3, 0, 0, 0, 0, 'Totam qui porro sed fugit omnis accusamus voluptas.', NULL, '2020-05-02 09:26:10', '2020-05-03 04:03:11');
INSERT INTO `topics` VALUES (80, 'Sapiente quis quia ut in dolor ut.', 'Ut dolor consequuntur dolores dolores. Dolores et enim voluptas. Totam deleniti ducimus explicabo voluptatem.', 7, 4, 0, 0, 0, 0, 'Sapiente quis quia ut in dolor ut.', NULL, '2020-04-23 20:00:15', '2020-04-30 14:02:07');
INSERT INTO `topics` VALUES (81, 'Doloremque voluptatem cumque qui harum qui.', 'Impedit necessitatibus sit accusantium quia similique omnis. Hic enim facilis ut ullam voluptatem. Ratione sit ut molestiae expedita et dolore.', 9, 3, 0, 0, 0, 0, 'Doloremque voluptatem cumque qui harum qui.', NULL, '2020-04-25 08:46:34', '2020-04-26 12:58:44');
INSERT INTO `topics` VALUES (82, 'Fugit architecto aperiam facilis repellendus.', 'Iure ut autem eius reprehenderit aut provident. Ut debitis amet rerum dolorem enim consequatur nesciunt. Et reiciendis non aut. Occaecati consequuntur aliquam enim iure vitae aut.', 1, 3, 0, 0, 0, 0, 'Fugit architecto aperiam facilis repellendus.', NULL, '2020-05-10 09:52:05', '2020-05-11 08:08:19');
INSERT INTO `topics` VALUES (83, 'Omnis saepe saepe quas corrupti quia.', 'Dignissimos distinctio quia ex sit totam error nihil. Vel necessitatibus fugit temporibus quis nemo. Eaque ipsum non molestiae autem omnis.', 8, 4, 0, 0, 0, 0, 'Omnis saepe saepe quas corrupti quia.', NULL, '2020-05-04 13:44:16', '2020-05-12 03:40:34');
INSERT INTO `topics` VALUES (84, 'Nihil sit commodi repellat repudiandae aut fugit qui.', 'Veritatis explicabo occaecati quos adipisci nihil sunt. Vitae id cum amet harum beatae modi. Porro deleniti molestiae aliquam fuga facere. Accusantium ut nesciunt aut vel tempore voluptatem.', 1, 1, 0, 0, 0, 0, 'Nihil sit commodi repellat repudiandae aut fugit qui.', NULL, '2020-04-25 22:54:05', '2020-05-06 02:49:03');
INSERT INTO `topics` VALUES (85, 'Id ea natus tempora voluptatem voluptatem dolorum vitae iusto.', 'Rem impedit totam velit aliquam iure aliquam. Dignissimos est ad quo consectetur. Fugiat aut praesentium et sapiente omnis ut recusandae ea.', 1, 2, 0, 0, 0, 0, 'Id ea natus tempora voluptatem voluptatem dolorum vitae iusto.', NULL, '2020-04-24 04:05:43', '2020-05-16 14:03:54');
INSERT INTO `topics` VALUES (86, 'Fugiat nihil enim et nihil aut.', 'Ea fugiat quod et est architecto possimus sit. Rem numquam fugiat vel magnam voluptate quis. Perferendis vel rerum omnis veniam dicta. Et molestiae veniam et nam asperiores.', 4, 4, 0, 0, 0, 0, 'Fugiat nihil enim et nihil aut.', NULL, '2020-04-26 17:00:55', '2020-04-28 17:46:53');
INSERT INTO `topics` VALUES (87, 'Inventore illum minima non voluptates.', 'Doloremque eos voluptatem suscipit. Nulla harum rerum excepturi maxime odit. Tempore repudiandae qui consectetur accusantium.', 6, 2, 0, 0, 0, 0, 'Inventore illum minima non voluptates.', NULL, '2020-04-25 15:43:41', '2020-04-26 00:38:32');
INSERT INTO `topics` VALUES (88, 'Et dolorum est et.', 'Provident est velit eveniet. Cum porro consequatur nemo facilis soluta. Optio aliquam ipsum vitae et praesentium ut.', 5, 1, 0, 0, 0, 0, 'Et dolorum est et.', NULL, '2020-04-22 19:40:20', '2020-05-12 23:55:51');
INSERT INTO `topics` VALUES (89, 'Veritatis ea unde dolorum quaerat dolores a.', 'Reprehenderit omnis qui et nobis ut architecto est sed. Numquam voluptas assumenda deleniti dolor.', 3, 1, 0, 0, 0, 0, 'Veritatis ea unde dolorum quaerat dolores a.', NULL, '2020-04-26 10:56:41', '2020-05-08 00:21:15');
INSERT INTO `topics` VALUES (90, 'Qui maxime officia doloribus exercitationem quod et ad dolore.', 'Possimus nobis qui molestias dolores asperiores fugit. Porro officia numquam harum minima incidunt. Enim et ut dicta consequatur reprehenderit. Suscipit perspiciatis et aspernatur unde.', 9, 4, 0, 0, 0, 0, 'Qui maxime officia doloribus exercitationem quod et ad dolore.', NULL, '2020-04-26 02:54:04', '2020-04-29 12:29:51');
INSERT INTO `topics` VALUES (91, 'Suscipit atque autem voluptas repellat illo.', 'Aut odit voluptas soluta sint fuga animi. Perferendis sapiente sit voluptas et maiores.', 3, 3, 0, 0, 0, 0, 'Suscipit atque autem voluptas repellat illo.', NULL, '2020-05-06 08:09:39', '2020-05-19 14:14:57');
INSERT INTO `topics` VALUES (92, 'Numquam quibusdam nulla facilis voluptate.', 'Hic cupiditate doloremque est est alias qui. Qui et voluptas soluta vero corrupti corporis a. Veniam ipsum temporibus cum voluptatem nihil corporis. Eaque quidem et velit velit.', 2, 3, 0, 0, 0, 0, 'Numquam quibusdam nulla facilis voluptate.', NULL, '2020-04-22 16:15:43', '2020-04-25 15:45:26');
INSERT INTO `topics` VALUES (93, 'Quia itaque quia velit quo enim.', 'Aliquam facere aut voluptatem accusantium voluptates. Aliquid voluptas voluptate magnam et esse est ipsam.', 4, 4, 0, 0, 0, 0, 'Quia itaque quia velit quo enim.', NULL, '2020-04-23 12:55:18', '2020-04-23 16:19:16');
INSERT INTO `topics` VALUES (94, 'Facilis itaque eligendi architecto suscipit occaecati.', 'Molestiae officiis ut amet laboriosam. Magni et accusantium et nihil vitae consequatur. Autem incidunt nulla et incidunt porro aliquid. Dicta nisi blanditiis sapiente iure possimus odio.', 8, 4, 0, 0, 0, 0, 'Facilis itaque eligendi architecto suscipit occaecati.', NULL, '2020-04-23 03:09:44', '2020-04-24 17:53:25');
INSERT INTO `topics` VALUES (95, 'Est quasi non fuga pariatur.', 'Repellat nobis dolore dolore voluptate unde reprehenderit. Sunt et ducimus culpa quae fugiat.', 5, 4, 0, 0, 0, 0, 'Est quasi non fuga pariatur.', NULL, '2020-04-27 13:56:47', '2020-05-01 10:16:13');
INSERT INTO `topics` VALUES (96, 'Voluptas fugiat sit aut expedita omnis deserunt maiores sint.', 'Quibusdam distinctio fuga nisi facere odio. Quam corporis aut et quasi. Consequatur et dolor qui incidunt.', 10, 2, 0, 0, 0, 0, 'Voluptas fugiat sit aut expedita omnis deserunt maiores sint.', NULL, '2020-04-29 20:05:29', '2020-04-30 15:07:12');
INSERT INTO `topics` VALUES (97, 'Dolores natus vel laudantium nihil est.', 'Odit ut impedit corporis aut rerum ducimus. Voluptatem deleniti sit illo placeat necessitatibus inventore aut sed. Aut ea soluta magni magnam quisquam.', 3, 2, 0, 0, 0, 0, 'Dolores natus vel laudantium nihil est.', NULL, '2020-05-06 18:47:55', '2020-05-08 06:42:46');
INSERT INTO `topics` VALUES (98, 'Odio porro et qui.', 'Consequuntur modi quis rerum omnis. Sint deleniti quia officiis rerum amet. Blanditiis est cumque nihil earum itaque.', 8, 4, 0, 0, 0, 0, 'Odio porro et qui.', NULL, '2020-05-13 20:34:26', '2020-05-18 23:45:21');
INSERT INTO `topics` VALUES (99, 'Ex voluptas aperiam qui et adipisci.', 'Ea tempore ut animi nulla sequi nisi nam. Sunt debitis necessitatibus iure eos. Fuga et sed eligendi non. Ut sint vel beatae rerum animi illo ut.', 7, 4, 0, 0, 0, 0, 'Ex voluptas aperiam qui et adipisci.', NULL, '2020-04-22 21:40:18', '2020-04-30 01:27:42');
INSERT INTO `topics` VALUES (100, 'Qui quos id rem et animi excepturi.', 'Dolores ratione voluptatibus rerum occaecati libero qui in. Minus et nostrum nihil. Et officia ratione harum. Recusandae beatae cumque consectetur cum.', 1, 2, 0, 0, 0, 0, 'Qui quos id rem et animi excepturi.', NULL, '2020-05-11 15:35:29', '2020-05-14 22:07:49');

-- ----------------------------
-- Table structure for users
-- ----------------------------
DROP TABLE IF EXISTS `users`;
CREATE TABLE `users`  (
  `id` bigint(20) UNSIGNED NOT NULL AUTO_INCREMENT,
  `name` varchar(255) CHARACTER SET utf8mb4 COLLATE utf8mb4_unicode_ci NOT NULL,
  `phone` varchar(255) CHARACTER SET utf8mb4 COLLATE utf8mb4_unicode_ci NULL DEFAULT NULL,
  `email` varchar(255) CHARACTER SET utf8mb4 COLLATE utf8mb4_unicode_ci NULL DEFAULT NULL,
  `email_verified_at` timestamp(0) NULL DEFAULT NULL,
  `password` varchar(255) CHARACTER SET utf8mb4 COLLATE utf8mb4_unicode_ci NULL DEFAULT NULL,
  `weixin_openid` varchar(255) CHARACTER SET utf8mb4 COLLATE utf8mb4_unicode_ci NULL DEFAULT NULL,
  `weixin_unionid` varchar(255) CHARACTER SET utf8mb4 COLLATE utf8mb4_unicode_ci NULL DEFAULT NULL,
  `remember_token` varchar(100) CHARACTER SET utf8mb4 COLLATE utf8mb4_unicode_ci NULL DEFAULT NULL,
  `created_at` timestamp(0) NULL DEFAULT NULL,
  `updated_at` timestamp(0) NULL DEFAULT NULL,
  `avatar` varchar(255) CHARACTER SET utf8mb4 COLLATE utf8mb4_unicode_ci NULL DEFAULT NULL,
  `introduction` varchar(255) CHARACTER SET utf8mb4 COLLATE utf8mb4_unicode_ci NULL DEFAULT NULL,
  `notification_count` int(10) UNSIGNED NOT NULL DEFAULT 0,
  `last_actived_at` timestamp(0) NULL DEFAULT NULL,
  PRIMARY KEY (`id`) USING BTREE,
  UNIQUE INDEX `users_email_unique`(`email`) USING BTREE,
  UNIQUE INDEX `users_phone_unique`(`phone`) USING BTREE,
  UNIQUE INDEX `users_weixin_openid_unique`(`weixin_openid`) USING BTREE,
  UNIQUE INDEX `users_weixin_unionid_unique`(`weixin_unionid`) USING BTREE
) ENGINE = InnoDB AUTO_INCREMENT = 14 CHARACTER SET = utf8mb4 COLLATE = utf8mb4_unicode_ci ROW_FORMAT = Dynamic;

-- ----------------------------
-- Records of users
-- ----------------------------
INSERT INTO `users` VALUES (1, 'test1', NULL, '123@exp.com', '2020-05-22 14:31:15', '$2y$10$TKh8H1.PfQx37YgCzwiKb.KjNyWgaHb9cbcoQgdIVFlYg7B77UdFm', NULL, NULL, 'PYsuyxbgc3', '2012-12-20 03:06:43', '2020-05-27 17:20:25', 'http://larabbs.test/uploads/images/avatars/202005/27/1_1590570434_8trljSPywI.jpg', 'Repellat aut consequuntur quisquam laboriosam libero velit eum totam.', 0, NULL);
INSERT INTO `users` VALUES (2, 'Miss Johanna Graham', NULL, 'mlindgren@example.com', '2020-05-22 14:31:15', '$2y$10$TKh8H1.PfQx37YgCzwiKb.KjNyWgaHb9cbcoQgdIVFlYg7B77UdFm', NULL, NULL, 'eegvv6AcCQ', '1997-05-20 16:01:25', '1997-05-20 16:01:25', 'https://cdn.learnku.com/uploads/images/201710/14/1/Lhd1SHqu86.png', 'Reprehenderit et qui fugit quos.', 0, NULL);
INSERT INTO `users` VALUES (3, 'Ewell Dicki II', NULL, 'tthiel@example.net', '2020-05-22 14:31:15', '$2y$10$TKh8H1.PfQx37YgCzwiKb.KjNyWgaHb9cbcoQgdIVFlYg7B77UdFm', NULL, NULL, '5tZPKYC5Yl', '2014-09-19 12:48:54', '2014-09-19 12:48:54', 'https://cdn.learnku.com/uploads/images/201710/14/1/LOnMrqbHJn.png', 'Accusamus explicabo explicabo porro labore blanditiis nihil corrupti.', 0, NULL);
INSERT INTO `users` VALUES (4, 'Flavio Turcotte', NULL, 'gerda.hoppe@example.net', '2020-05-22 14:31:15', '$2y$10$TKh8H1.PfQx37YgCzwiKb.KjNyWgaHb9cbcoQgdIVFlYg7B77UdFm', NULL, NULL, 'E1L5Euw2gq', '2014-04-17 23:49:16', '2014-04-17 23:49:16', 'https://cdn.learnku.com/uploads/images/201710/14/1/xAuDMxteQy.png', 'In quasi maiores voluptatum.', 0, NULL);
INSERT INTO `users` VALUES (5, 'Mr. Braulio Ledner', NULL, 'ona71@example.org', '2020-05-22 14:31:15', '$2y$10$TKh8H1.PfQx37YgCzwiKb.KjNyWgaHb9cbcoQgdIVFlYg7B77UdFm', NULL, NULL, 'hAzbJYSgA2', '1972-11-30 02:07:38', '1972-11-30 02:07:38', 'https://cdn.learnku.com/uploads/images/201710/14/1/LOnMrqbHJn.png', 'Provident fugiat reprehenderit incidunt sint odio quam.', 0, NULL);
INSERT INTO `users` VALUES (6, 'Lincoln McKenzie MD', NULL, 'joy51@example.com', '2020-05-22 14:31:15', '$2y$10$TKh8H1.PfQx37YgCzwiKb.KjNyWgaHb9cbcoQgdIVFlYg7B77UdFm', NULL, NULL, 'KycnTABrAF', '1986-04-18 01:25:39', '1986-04-18 01:25:39', 'https://cdn.learnku.com/uploads/images/201710/14/1/s5ehp11z6s.png', 'Dignissimos voluptates commodi magnam.', 0, NULL);
INSERT INTO `users` VALUES (7, 'Sigurd Jast', NULL, 'gutkowski.zetta@example.net', '2020-05-22 14:31:15', '$2y$10$TKh8H1.PfQx37YgCzwiKb.KjNyWgaHb9cbcoQgdIVFlYg7B77UdFm', NULL, NULL, '3F62RI2cPi', '2019-02-20 00:46:02', '2019-02-20 00:46:02', 'https://cdn.learnku.com/uploads/images/201710/14/1/LOnMrqbHJn.png', 'Molestiae fuga dolor aut vel.', 0, NULL);
INSERT INTO `users` VALUES (8, 'Cassandra Daugherty', NULL, 'barbara.watsica@example.org', '2020-05-22 14:31:15', '$2y$10$TKh8H1.PfQx37YgCzwiKb.KjNyWgaHb9cbcoQgdIVFlYg7B77UdFm', NULL, NULL, 'wELUGhYXHu', '1972-04-25 21:52:18', '1972-04-25 21:52:18', 'https://cdn.learnku.com/uploads/images/201710/14/1/xAuDMxteQy.png', 'Illo cupiditate voluptatibus reprehenderit ipsa vero iure in.', 0, NULL);
INSERT INTO `users` VALUES (9, 'Martin Wolf', NULL, 'carolanne.konopelski@example.com', '2020-05-22 14:31:15', '$2y$10$TKh8H1.PfQx37YgCzwiKb.KjNyWgaHb9cbcoQgdIVFlYg7B77UdFm', NULL, NULL, 'UxJD5hXOzF', '1980-10-03 10:27:42', '1980-10-03 10:27:42', 'https://cdn.learnku.com/uploads/images/201710/14/1/s5ehp11z6s.png', 'Voluptatem quia vitae iusto velit soluta omnis eaque.', 0, NULL);
INSERT INTO `users` VALUES (10, 'Tyshawn Kunde IV', NULL, 'mellie83@example.net', '2020-05-22 14:31:15', '$2y$10$TKh8H1.PfQx37YgCzwiKb.KjNyWgaHb9cbcoQgdIVFlYg7B77UdFm', NULL, NULL, 'zqDzMdkXAl', '1983-05-14 04:46:33', '1983-05-14 04:46:33', 'https://cdn.learnku.com/uploads/images/201710/14/1/LOnMrqbHJn.png', 'Sequi ipsa quae saepe eum et veniam.', 0, NULL);
INSERT INTO `users` VALUES (12, 'sakura10032', '18795916627', NULL, NULL, '$2y$10$9QYtfeVeWHfOHVR5trBlaOoQpE1Zp9cQIyO5n17j0AxjVvJbYa4HC', NULL, NULL, NULL, '2020-05-22 15:13:56', '2020-05-22 15:13:56', 'https://cdn.learnku.com/uploads/images/201710/30/1/TrJS40Ey5k.png', NULL, 0, NULL);
INSERT INTO `users` VALUES (13, '嘟嘟噜', NULL, NULL, NULL, NULL, 'o87tQv7KghbOIo4lk8OA2rijHdbM', NULL, NULL, '2020-05-22 17:21:14', '2020-05-22 17:21:14', 'http://thirdwx.qlogo.cn/mmopen/vi_32/GIVgEupLvE9jd1KicDk8uy8vrgqicxK5Uib8M1Uziao4Au4ic5ic4zGNB0r8H29qY3XdfucwdOvD7tQ5PwOCvF45osmw/132', NULL, 0, NULL);

SET FOREIGN_KEY_CHECKS = 1;
